Sözcük,Frekans,Web_sayfasi
araştır,4459,158
merkez,3583,162
uygula,3532,192
iç,2559,230
araştırma,2471,170
bilim,2350,168
birim,1804,165
üniversite,1677,240
merkezi,1583,123
deü,1504,204
koordinatör,1347,159
sağ,1275,166
hakk,1248,242
eğitim,1216,173
ara,1216,179
başkan,1203,180
eylül,1193,232
program,1165,203
ek,1091,142
öğrenci,1089,190
yönet,1080,187
iş,1069,174
devam,1058,164
dok,1045,232
deva,1044,163
üniversitesi,1020,226
ol,1014,174
yüksekokul,931,94
fakülte,909,127
al,895,168
hizmet,891,188
kapsam,871,156
çalış,866,154
proje,845,176
duyuru,830,215
ilke,825,130
yay,779,156
gerçek,776,152
kiraz,772,58
il,771,192
top,723,120
genel,695,161
bilgi,688,216
kuru,657,183
tarih,646,160
personel,641,142
sağlık,628,150
kanun,627,35
ilişki,624,162
yıl,620,167
yönetim,598,174
akademik,577,168
belge,568,170
aralık,554,74
kurul,547,159
geç,544,250
mayıs,540,124
değer,531,151
sistem,531,149
geri,528,135
rektör,513,152
veri,507,108
bas,502,134
teknoloji,494,97
koru,494,95
spor,492,101
kaynak,489,98
üye,487,138
son,485,89
daire,483,93
enstitü,467,82
etkin,465,143
ileri,454,64
form,450,138
teknik,447,104
yap,444,116
haber,439,74
kur,437,147
işle,435,105
dış,431,116
nisa,430,84
mart,417,76
esas,416,111
faaliyet,415,146
et,415,132
kayıt,407,113
alim,404,54
kas,403,67
konuş,401,69
link,400,141
kurum,400,149
kalite,398,107
şubat,396,82
başvuru,392,122
ön,388,142
ocak,383,82
meslek,379,126
yeni,375,134
yer,372,128
uzak,372,103
er,369,90
alt,364,147
ala,364,136
bili,363,122
izmir,362,163
servis,358,76
ilgi,353,108
dil,351,117
ver,350,143
açık,349,61
toplu,345,97
güzel,344,99
dünya,340,129
yen,339,122
geliş,338,105
öğretim,330,133
sınav,328,67
işlem,327,108
dal,322,38
gün,322,80
müdür,317,105
yayın,315,123
alan,311,115
söz,309,85
elektronik,308,80
geliştir,304,98
grub,302,12
öğreti,301,133
sağlığ,301,79
insan,300,62
üzer,299,78
laboratuvar,298,79
ağustos,298,61
kitab,297,81
yüksek,297,107
gel,296,127
süreç,293,102
sözleş,292,62
güven,287,94
mezun,286,95
altın,285,138
topluluk,283,74
bozuk,280,62
tamamla,279,99
sanat,277,108
atıf,275,70
tıp,274,86
ilk,273,67
tv,273,60
varlık,272,60
ilet,272,213
hedef,270,93
devlet,266,89
sayı,264,112
değişik,261,74
destek,261,109
mevla,260,75
planla,260,103
imkan,260,68
iletişim,259,194
hızlı,257,72
kor,256,76
şema,255,82
rehber,255,90
büyük,254,49
unsur,252,62
ölçek,251,68
an,251,85
sosyal,250,128
dinamik,250,67
çocuk,250,88
tip,250,66
yönetmelik,249,106
kütüphane,247,93
kontenjan,246,67
gezi,246,62
arşiv,246,90
ders,244,107
istatistik,244,82
hız,243,78
oku,241,81
öğrenim,239,67
eposta,237,82
gör,237,104
ülke,237,58
önce,236,126
kaymakam,235,58
ilan,231,68
bul,230,73
idari,229,115
afet,228,70
engel,228,87
dr,228,73
bahar,227,38
yurt,226,82
ege,225,81
aç,224,71
hukuk,223,75
kişisel,223,70
deniz,220,73
nisan,220,74
kırmız,218,108
dönem,217,52
dağılım,216,66
bölüm,216,56
ay,216,23
say,215,46
güvenliğ,214,79
ba,214,87
rapor,213,94
temmuz,213,68
burs,212,84
at,212,48
ad,212,71
altyapı,209,70
hak,208,35
vizyon,205,116
birliğ,204,66
bilimsel,202,108
yan,201,101
anasayfa,200,130
kurulu,197,97
engels,196,75
web,193,114
bölge,193,90
töre,193,70
metn,193,16
bil,192,95
erişim,192,84
sorgula,191,74
biliş,191,67
kar,191,73
bası,191,104
aday,190,75
aydınlat,190,19
taraf,190,85
sür,189,122
uluslararası,189,90
hotar,189,59
temel,188,106
ulaş,188,116
of,185,24
yayınla,185,85
sayfa,183,107
sun,183,92
basın,183,89
kasım,183,61
kişi,181,98
yaban,181,92
duy,181,84
özel,181,118
orta,181,91
ağ,180,77
tarihi,180,111
ekim,180,63
tıkla,179,88
tanıt,179,94
güncel,179,101
az,179,9
sektör,178,72
gelenek,177,76
tören,176,68
hastane,175,76
browser,175,5
numara,175,10
hasta,173,78
prof,173,71
türkiye,173,65
genç,172,40
haziran,171,70
düzey,170,77
sözleşme,169,49
sonuç,169,37
kullan,169,110
ayar,168,80
yetiş,168,83
lisans,167,79
işletme,167,76
please,167,5
boyut,166,119
soyad,166,6
yaz,165,70
complete,165,3
plan,164,95
okul,164,81
kul,161,115
üst,160,101
bilgilen,159,53
kapa,159,90
komisyon,159,39
karar,158,52
türki,158,46
şehit,158,24
sürek,157,81
süre,157,88
fen,157,44
güç,157,40
su,156,50
iyi,155,90
talep,155,74
sürekli,154,81
değ,154,128
denet,154,62
türk,152,92
soru,152,45
mühendis,151,74
bulvar,150,147
pay,150,105
birlik,150,54
paydaş,149,69
telefon,148,82
kültür,148,93
ye,148,88
ana,147,57
sonra,146,57
otomasyon,144,70
politika,143,61
etki,143,93
kadın,143,53
kitap,143,16
yönerge,142,98
standart,142,39
eleman,141,79
bakım,141,69
ak,141,29
staj,140,77
sıfır,139,96
ofis,138,71
taban,138,18
tez,138,25
atık,137,70
dergi,137,63
menü,136,119
fazla,135,30
gerek,135,61
görev,134,71
kart,133,74
konu,133,59
öncelik,132,66
bulun,132,68
aras,132,66
karşı,131,31
mavi,130,116
etik,130,69
aram,129,57
mesaj,128,70
hayvan,128,19
koordinasyon,127,70
yazı,127,86
kanser,127,61
doku,127,114
yapı,127,69
değiş,126,110
denizcilik,126,61
ulusal,126,99
müşavir,126,60
giriş,126,65
es,126,15
çevre,125,89
ulu,125,101
kariyer,125,53
no,124,85
ekran,124,63
stratejik,123,70
ard,123,33
değerlen,123,36
yeşil,122,112
erasmus,122,54
dinamiğ,122,57
öner,122,65
anjiyo,122,31
kalkın,121,82
yaşa,121,40
kontrast,120,114
sağla,120,67
beyaz,119,110
yar,119,40
günü,119,54
cumhuriyet,118,100
başla,118,59
el,118,65
sekreter,117,71
uz,117,19
ilişkin,116,58
sonuc,116,77
adres,116,99
klinik,116,71
seçi,115,110
uzaktan,115,89
takvim,115,46
döne,115,45
bayrak,113,16
gir,112,71
mill,112,39
düzenle,112,58
doktor,111,72
hekim,111,81
diş,111,77
oy,111,10
kadro,110,57
hafta,110,81
siyah,110,108
kalp,110,62
mensup,110,36
kırmızı,109,108
turunc,109,108
turuncu,109,108
sarı,109,107
ihtiyaç,109,77
girişim,109,62
miras,108,77
problem,106,74
hal,105,47
desteğ,105,88
kazan,105,42
ortak,105,36
destekle,104,92
çık,104,63
grup,104,20
grubu,103,11
içerik,103,28
ödül,102,55
yarıyıl,102,21
ödeneğ,101,53
banka,101,69
kaz,101,65
bun,101,48
to,101,12
nükhet,101,50
iste,100,68
kapat,100,58
önem,100,52
dikkat,99,45
sıra,98,54
dön,98,83
yarış,98,22
mi,97,12
bak,96,37
tanıtı,95,75
yük,95,57
örnek,95,36
teşkilat,94,64
tanıtım,94,72
güvenlik,94,70
işbir,94,42
is,94,45
bölü,94,30
sayıl,93,30
alsancak,93,89
kat,93,44
sürdür,93,61
can,93,33
yürü,93,52
yol,93,39
cumhurbaşkan,92,33
belgele,92,64
edin,92,66
farabi,92,70
katkı,92,67
yükseköğretim,92,72
incele,91,79
kontrol,90,78
öğretmen,89,16
araç,89,25
tel,89,80
din,88,70
konservatuvar,88,70
analiz,88,57
hastalık,88,19
ede,88,61
he,88,3
hakkında,88,55
buluş,88,40
endüstri,87,54
necat,87,62
ağız,87,64
ev,87,39
art,86,69
liste,86,52
and,86,33
geleceğ,86,23
bakan,86,31
halk,86,64
senato,85,53
klasik,85,59
hemşire,85,44
küre,85,74
üretim,85,71
veritaban,85,5
yabancı,84,53
barın,84,58
kaza,84,68
sahip,84,59
iktisadi,83,70
denetim,83,66
mali,83,72
baş,83,50
millet,83,29
film,82,75
em,82,15
buca,82,70
aile,82,48
yardımcı,82,38
eş,82,26
inkılap,81,67
transfer,81,45
mevcut,81,75
gelişim,81,75
bambu,80,60
malzeme,80,68
sualt,80,66
emniyet,80,63
stratej,80,76
lisansüstü,80,40
salon,80,30
ifade,80,39
bilişim,79,61
hayat,79,38
bey,78,63
misyon,78,66
deprem,78,41
yardım,78,45
saat,78,34
sürec,78,45
uzman,78,23
sanal,77,73
hızlan,77,65
göster,77,37
göç,77,5
teknopark,76,68
fikr,76,69
bölgesel,76,41
ortay,76,57
karın,76,37
güncelle,76,60
öneri,76,52
metin,76,12
hedefle,75,70
bünye,75,58
döner,75,64
şube,75,59
renk,75,74
hareket,75,23
yürüt,75,41
paylaş,75,45
sade,75,25
kamu,74,51
değerlendir,74,36
mücadele,74,32
ali,73,49
resm,72,59
resmi,72,59
ata,72,27
bakı,72,67
başarı,72,38
mevzuat,72,59
ok,72,8
seminer,72,14
açıkla,71,38
navi,71,70
belirgin,71,70
fark,71,53
durum,71,50
saye,70,66
ücret,70,39
bugün,70,28
tür,70,27
memur,69,10
be,69,13
düzen,69,42
katılım,69,39
üss,69,57
it,69,8
ot,69,3
geçiş,68,55
font,68,67
sayfala,68,63
şekil,68,56
hastalığ,68,59
getir,68,35
kep,67,62
veteriner,67,50
vere,67,61
yazılı,67,34
hazır,67,48
akademisyen,67,51
zor,67,24
turizm,66,47
don,66,63
ingilizce,66,7
oluş,66,31
sorum,66,41
ms,66,2
seç,65,50
flor,65,60
sorumlu,65,37
strateji,65,48
hazırla,65,43
yönetmeliğ,65,26
vakf,65,8
sertifika,65,17
re,65,4
site,64,33
fizik,64,53
ekipman,64,59
enfeksiyon,64,60
alın,64,41
edi,64,37
teşekkür,64,37
katıl,64,33
uf,64,1
arge,63,62
toplum,63,33
atatürk,63,44
yazıla,63,63
ide,63,47
aşağı,63,31
intibak,62,48
sıfırla,62,57
tarihçe,62,61
zar,62,58
birlikte,62,40
başka,62,35
çevrimiç,62,19
beledi,62,26
dokun,62,58
ha,62,2
farkındalığ,61,59
kemik,61,57
yerleşke,61,39
doktora,61,52
belir,61,38
çağrı,61,21
haf,61,9
makine,61,6
la,61,1
yerleş,60,32
teşvik,60,45
kal,60,33
yönelik,60,35
iz,60,22
ut,60,1
sır,59,32
taş,59,12
milli,58,28
anabilim,58,19
fatih,58,2
yemek,57,45
avrupa,57,44
sanayi,57,45
mil,57,27
tesis,57,14
dekan,57,23
yöntem,57,15
toprak,57,14
yenile,57,37
kurs,57,12
fetih,57,1
yu,57,6
mimar,56,42
dijital,56,32
uyuş,56,6
belirt,56,35
hoca,56,29
gb,56,1
akıl,55,49
bildirim,55,49
değerli,55,42
adım,55,27
sorun,55,27
sporcu,55,28
danışman,55,47
bina,55,21
kpss,54,43
ekosistem,54,46
mira,54,47
kadı,54,40
yakın,54,16
katı,54,31
doğu,54,15
yatırım,54,25
le,54,2
kg,54,1
duru,53,50
the,53,14
üre,53,32
tedavi,53,40
yök,53,37
tek,53,26
sezgi,53,8
di,53,31
düz,53,35
ah,53,2
vs,53,2
sayılı,52,20
anla,52,27
pa,52,24
günlük,52,10
yok,52,11
lt,52,1
bursiyer,52,1
zaman,51,36
mezuniyet,51,22
organizasyon,51,46
yaşam,51,24
arac,51,15
kon,51,32
sorumluluk,51,29
derslik,51,11
ke,51,8
tercih,50,20
onkoloji,50,46
video,50,22
kullanım,50,29
abone,50,6
hava,50,16
ta,50,1
oo,50,2
olumsuz,49,44
incel,49,44
kuruluş,49,28
uza,49,14
savaş,49,16
am,49,12
risk,48,44
karı,48,22
geçir,48,30
yıldırım,48,7
pazar,48,21
yazılım,47,42
danışmanlık,47,43
geçmiş,47,24
deney,47,34
eser,47,18
bütün,47,28
yard,47,25
hu,47,1
ez,47,2
doğrultu,46,37
dair,46,24
modern,46,43
enerji,46,44
gelecek,46,27
başar,46,29
kısa,46,26
öğren,46,22
kabul,46,26
seviye,46,10
konferans,46,17
javascript,46,7
gr,46,1
close,45,45
genom,45,43
değişim,45,39
dol,45,20
taşı,45,28
bakanlığ,45,23
müzik,45,20
this,45,4
yt,45,1
çiz,44,44
kablo,44,44
fikri,44,43
ilerle,44,41
acil,44,43
fevzi,44,43
bağlantı,44,36
çöz,44,25
çözüm,44,25
kural,44,20
işbirlik,44,13
kent,44,27
sunum,44,22
emek,44,26
kampüs,44,24
erdoğan,44,18
gem,44,8
gayret,44,23
belediye,44,32
my,44,5
arkeoloji,43,40
sermaye,43,39
edebiyat,43,30
temsil,43,25
gönül,43,23
uygun,43,17
aziz,43,22
hediye,43,13
tc,43,12
rehabilitasyon,42,37
torbalı,42,38
köy,42,39
kimlik,42,35
gib,42,27
toplantı,42,22
kuvvet,42,8
ünite,42,28
yoğ,42,15
üs,42,38
iklim,42,15
bildiri,41,36
sayesinde,41,41
donanım,41,39
by,41,10
amac,41,21
yak,41,16
öze,41,32
kara,41,21
insa,41,26
üret,41,25
yatır,41,17
tl,41,13
yg,41,2
pe,41,1
zn,41,1
disiplin,40,39
yara,40,23
duygu,40,24
sd,40,1
ns,40,1
deda,39,37
fauna,39,39
boy,39,24
ilahiyat,39,28
ayn,39,28
özellik,39,21
çek,39,19
bebek,39,11
iv,39,5
ig,39,1
ag,39,1
cr,39,2
kuluçka,38,36
ritm,38,37
tonguç,38,37
palyatif,38,37
amaç,38,36
efes,38,26
torba,38,27
küresel,38,34
yarar,38,13
kes,38,17
aracı,38,20
eğit,38,11
protokol,38,19
online,38,21
açıklama,38,26
panel,38,12
canlı,38,16
gu,38,1
jr,38,2
hk,38,6
harç,37,37
iade,37,29
bağlantıla,37,31
unut,37,20
birey,37,20
performans,37,16
yaş,37,18
baz,37,18
çeşit,37,21
görsel,37,7
cihaz,37,14
li,37,2
or,37,1
gt,37,1
ry,37,1
bakımından,36,36
atamer,36,36
daum,36,36
mükemmel,36,35
kıkırdak,36,36
sumer,36,36
bağ,36,24
gemi,36,6
fuar,36,9
osmanlı,36,12
kap,36,15
tar,36,6
dz,36,1
pc,36,1
bura,35,28
ağı,35,28
sırala,35,11
yararlan,35,11
ekib,35,25
gecik,35,7
ziyaret,35,14
ayrı,35,29
us,35,2
nokta,35,21
vize,35,14
dd,35,1
sp,35,1
ku,35,1
ts,35,3
mn,35,2
ck,35,1
fırsat,34,15
ardından,34,24
hesap,34,23
doğ,34,23
mobil,34,9
bor,34,8
sal,34,15
recep,34,19
tamam,34,22
dost,34,13
imza,34,21
saray,34,13
we,34,2
ps,34,3
ks,34,1
av,34,2
kk,34,1
ap,34,1
hd,34,1
sık,33,25
mimarlık,33,25
bap,33,29
dokümantasyon,33,28
danış,33,25
usul,33,22
kurtul,33,13
temsilci,33,18
raporla,33,21
söyle,33,21
do,33,7
faz,33,15
yıldır,33,8
uy,33,4
perşembe,33,18
yi,33,4
evrak,33,16
mg,33,1
rk,33,1
sk,33,4
co,33,1
rh,33,1
depremzede,32,28
çıktı,32,19
topluluğ,32,11
batı,32,8
ses,32,18
adalet,32,29
doğal,32,27
cerrahi,32,12
id,32,6
dizin,32,4
hesab,32,11
um,32,4
so,32,5
çaba,32,14
düşün,32,21
op,32,3
koy,32,14
gereğ,32,16
un,32,5
kesin,32,8
me,32,4
tr,32,2
nk,32,2
rb,32,1
pb,32,1
rp,32,1
ip,32,3
hb,32,1
au,32,1
vd,32,2
uv,32,1
fayda,31,27
kanu,31,16
mülkiyet,31,26
yön,31,23
doçent,31,30
eksik,31,11
ae,31,5
standard,31,7
derece,31,16
nasa,31,31
astrofizik,31,31
doğru,31,17
örgüt,31,10
dahil,31,14
fa,31,2
may,31,10
mk,31,1
sb,31,2
br,31,2
ia,31,1
th,31,3
ky,31,1
cs,31,2
eu,31,1
duyur,30,23
olumlu,30,29
koşul,30,15
öncü,30,17
bologna,30,28
psikolojik,30,27
detay,30,20
üstün,30,13
profesör,30,28
sayın,30,22
ko,30,7
lojistik,30,5
je,30,1
cm,30,2
lf,30,2
rn,30,1
km,30,1
ds,30,5
nm,30,1
kr,30,1
xl,30,1
mv,30,1
sl,30,2
hs,30,1
lp,30,1
sr,30,1
zr,30,1
cd,30,2
lo,30,2
bp,30,1
gc,30,1
af,30,2
ik,30,2
dönüşüm,29,20
sor,29,25
yükle,29,12
bergama,29,24
teknolojik,29,27
biyoteknoloji,29,26
dilek,29,18
deneyim,29,13
bilgisayar,29,19
makale,29,16
inan,29,19
yüksel,29,16
ac,29,6
körfez,29,6
st,29,3
gy,29,1
rf,29,2
yo,29,1
cl,29,1
ty,29,1
yd,29,1
dg,29,1
go,29,1
wi,29,1
cb,29,1
oz,29,1
tk,29,1
mazeret,29,9
faks,28,28
bırak,28,24
anadol,28,13
artır,28,19
yenilik,28,18
ss,28,4
öde,28,9
düş,28,16
mülteci,28,4
paket,28,18
ct,28,1
kh,28,1
dc,28,1
rg,28,1
nd,28,1
bv,28,1
qi,28,1
po,28,2
xp,28,5
ov,28,2
yk,28,2
mp,28,2
wu,28,1
git,27,19
with,27,12
vb,27,5
akademi,27,24
bimer,27,24
arkeometri,27,22
ismail,27,25
idare,27,22
ekle,27,9
sempozyum,27,16
aş,27,17
sezgin,27,6
milletvekil,27,11
kalder,27,26
yarı,27,14
öz,27,18
lider,27,11
kamuoy,27,15
ağaç,27,6
fidan,27,4
up,27,3
yy,27,2
kod,27,12
anket,27,13
dilekçe,27,13
pm,27,1
im,27,2
gs,27,1
td,27,1
lr,27,1
ht,27,1
hy,27,2
rc,27,1
tb,27,1
db,27,1
kt,27,1
ur,27,1
ng,27,1
ey,27,1
pi,27,1
pp,27,1
güc,26,17
beyin,26,23
lyme,26,22
ihale,26,25
flora,26,24
osman,26,14
tem,26,16
açı,26,21
çıkar,26,15
vatandaş,26,14
anlat,26,14
tasarım,26,10
sunu,26,16
tınaztepe,26,24
beceri,26,13
yarat,26,14
programla,26,19
rusça,26,4
cg,26,1
dk,26,2
gd,26,2
xx,26,1
sn,26,4
ru,26,2
mr,26,1
tm,26,1
pt,26,2
rt,26,1
oh,26,1
ex,26,2
sy,26,1
ri,26,1
kv,26,1
olanak,25,16
ulaşım,25,17
entegre,25,24
aktüerya,25,23
diploma,25,16
yetki,25,18
yeter,25,13
model,25,13
taba,25,13
takip,25,20
emeğ,25,23
ni,25,4
çünk,25,16
sınır,25,8
meclis,25,7
gece,25,7
görüş,25,15
yiğitbaş,25,1
seri,25,4
sivil,25,12
cu,25,1
pu,25,1
ao,25,1
vw,25,1
ga,25,1
nu,25,1
wc,25,1
tp,25,1
tt,25,2
fr,25,1
mf,25,2
om,25,1
nt,25,1
kc,25,2
og,25,1
alım,24,14
platform,24,15
sınıf,24,15
izle,24,10
uygu,24,19
ingiliz,24,10
örneğ,24,10
dolay,24,19
anı,24,13
fikir,24,13
teslim,24,15
sevgili,24,8
tanım,24,11
gıda,24,7
bm,24,3
batık,24,4
gündelik,24,3
sh,24,1
pr,24,1
ci,24,1
gp,24,1
uk,24,1
ph,24,1
md,24,2
xi,24,1
ca,24,2
os,24,2
hz,24,1
hm,24,1
ro,24,1
sc,24,1
ra,24,1
for,23,13
yedek,23,11
sözlü,23,23
puan,23,14
doldur,23,10
kök,23,15
akreditasyon,23,6
emanet,23,12
uyar,23,13
kemal,23,13
tanı,23,14
bizle,23,17
müze,23,8
isim,23,11
kalkış,23,5
tarım,23,6
yp,23,1
ie,23,1
sm,23,1
fb,23,2
hf,23,1
xu,23,2
lc,23,1
hh,23,2
nc,23,1
vk,23,1
hg,23,1
cc,23,1
ji,23,2
ir,23,1
bütünle,23,4
başvur,22,14
dur,22,15
belirle,22,14
tübitak,22,12
uzun,22,15
oryantasyon,22,11
fuat,22,8
ihtiyac,22,18
gurur,22,16
sergi,22,11
içinde,22,16
ait,22,12
hain,22,8
salgın,22,8
göçmen,22,3
tg,22,1
mo,22,2
ce,22,1
gg,22,1
nb,22,1
lu,22,1
dm,22,1
ob,22,1
mb,22,1
yayımla,21,11
kapı,21,11
gelen,21,20
gele,21,20
murat,21,12
pakdemirli,21,5
bileş,21,9
ödünç,21,5
hayır,21,18
hocalar,21,14
ordu,21,6
servi,21,6
kd,21,1
yb,21,2
gn,21,1
hp,21,1
lg,21,1
mm,21,1
dj,21,1
iy,21,1
dy,21,1
olağanüstü,20,13
dönüş,20,12
aynı,20,17
başlık,20,8
hesapla,20,13
zafer,20,10
bileşen,20,8
hazırlık,20,15
bağış,20,11
borc,20,4
festival,20,7
etkile,20,8
çak,20,3
yıllık,20,13
asl,20,17
nişan,20,7
şart,20,11
ruh,20,12
kahraman,20,12
bayram,20,5
simge,20,3
masum,20,6
kamp,20,8
kayıtla,20,7
dp,20,1
oa,20,1
mt,20,2
cy,20,1
od,20,1
na,20,1
kb,20,1
not,19,16
ceza,19,10
arap,19,7
içeri,19,14
internet,19,15
türkçe,19,14
gereksinim,19,7
sahib,19,9
elde,19,13
geçen,19,17
oyun,19,10
evlat,19,9
bağım,19,11
ken,19,15
eski,19,8
farkındalık,19,14
bayrağ,19,5
eder,19,11
matematik,19,5
instagram,19,18
çalıştay,19,13
dolmuş,19,4
sg,19,1
ny,19,2
pd,19,1
nv,19,2
ml,19,1
yetkin,18,6
hale,18,16
işaret,18,11
toplam,18,17
atölye,18,8
tasar,18,11
yaklaşım,18,14
kıs,18,14
tam,18,8
istek,18,6
anlaşma,18,11
mut,18,14
vurgula,18,12
olmadığ,18,11
beraber,18,12
şekl,18,13
aşı,18,6
gerekli,18,11
kıymet,18,15
ilçe,18,9
mesleki,18,18
saha,18,11
ortam,18,13
derneğ,18,10
rahmet,18,15
emin,18,8
bağlam,18,10
kutla,18,11
tabi,18,6
yolcu,18,10
benzer,18,11
sefer,18,4
özen,18,8
ajans,18,5
elektrik,18,12
yazma,18,7
tablo,18,9
ho,18,2
hi,18,2
güz,18,9
çevrim,18,4
içeriğ,17,10
çift,17,11
kılavuz,17,11
tümü,17,17
hakem,17,7
yanlış,17,7
görüntüle,17,13
eşit,17,8
deneme,17,5
salı,17,8
sıkça,17,14
mutlu,17,12
heyecan,17,11
saniye,17,7
orman,17,9
gid,17,10
hatırla,17,14
sevgi,17,10
demokrasi,17,5
çıkma,17,6
hikaye,17,7
dik,17,9
lütfen,17,17
tedbir,17,10
bütçe,17,11
kale,17,15
kriter,17,10
twitter,17,17
facebook,17,16
bölümle,17,13
jp,17,1
rs,17,1
sv,17,1
bilindiğ,16,9
kimliğ,16,10
davet,16,14
you,16,7
ziraat,16,5
bağla,16,7
anlaş,16,15
anadolu,16,12
unvan,16,7
yakı,16,11
yurtdış,16,13
çağ,16,10
mustafa,16,11
istanbul,16,10
güçlen,16,13
çerçeve,16,12
içer,16,11
emekli,16,15
bank,16,10
uzat,16,9
büyü,16,13
amir,16,5
gösteri,16,9
medeniyet,16,5
vatan,16,9
gazi,16,12
varlığ,16,13
potansiyel,16,8
sohbet,16,6
işgal,16,8
fetö,16,2
nedeniyle,16,13
zorla,16,8
bedel,16,5
müjde,16,4
galeri,16,13
almanca,16,7
rd,16,3
mw,16,2
uh,16,1
dosya,15,13
university,15,10
güçlü,15,14
parça,15,9
kolay,15,9
bat,15,10
indir,15,12
oran,15,10
science,15,7
küçük,15,7
ölçüm,15,6
çeşitli,15,14
yılla,15,11
karşılaş,15,9
anlam,15,11
hayal,15,8
uzay,15,8
marka,15,9
yıldız,15,6
göz,15,11
kura,15,10
yaklaşık,15,11
şehir,15,9
saygı,15,11
bağımlı,15,10
savun,15,7
derin,15,10
akl,15,11
yüzde,15,11
yangın,15,4
sokak,15,6
kavram,15,7
bit,15,11
taşın,15,11
sığın,15,5
çözümle,15,14
önlük,15,2
müslüman,15,4
ermeni,15,2
dt,15,1
eh,15,1
ib,15,1
maden,15,2
research,14,4
şekillen,14,12
kay,14,12
zengin,14,12
pos,14,13
yetenek,14,9
soruş,14,2
yetkili,14,7
besle,14,9
törel,14,6
başta,14,12
tan,14,11
boyunca,14,13
doç,14,13
takım,14,10
aktif,14,12
yerinde,14,10
dere,14,11
ağırla,14,8
komutan,14,6
adi,14,8
verdi,14,11
arıt,14,3
öngör,14,6
birinci,14,10
berat,14,6
koç,14,5
öğret,14,9
acı,14,6
anma,14,8
öykü,14,8
nesil,14,8
hat,14,11
sene,14,5
havuz,14,8
şifre,14,8
bez,14,2
hatıra,14,6
gelir,14,12
fotoğraf,14,12
kaçak,14,5
arabul,14,4
mh,14,1
fi,14,1
boş,13,12
english,13,10
gazete,13,12
yayım,13,13
takdim,13,10
anlayış,13,10
imzala,13,9
görevlen,13,8
mekan,13,9
ekip,13,9
madde,13,7
husus,13,5
üzerine,13,10
gider,13,9
görün,13,7
kaynakla,13,9
ölç,13,11
cup,13,5
borç,13,5
tara,13,9
aşama,13,11
insani,13,8
dünyada,13,11
tayyip,13,10
ürün,13,8
mar,13,7
belgesel,13,4
kişilik,13,7
aktar,13,10
vicdan,13,7
eriş,13,9
gü,13,11
yerel,13,10
ciddi,13,9
üstlen,13,11
adımla,13,8
rol,13,7
kazanım,13,7
çevrimiçi,13,8
onay,13,8
sahne,13,6
tema,13,6
abd,13,7
zorunlu,13,11
ticaret,13,9
bordo,13,4
yeterli,13,5
seramik,13,3
olimpiyat,13,1
international,12,8
uzantı,12,9
niteliğ,12,12
memnuniyet,12,10
ele,12,9
rıza,12,9
ayrıl,12,9
yatay,12,10
bilen,12,4
çap,12,6
eğ,12,9
sendrom,12,6
doğum,12,6
bale,12,4
boşa,12,5
kataloğ,12,8
dışarı,12,11
key,12,4
ultimate,12,4
tcg,12,3
yapım,12,12
asker,12,5
stand,12,2
kır,12,9
felaket,12,10
dayalı,12,9
şekli,12,10
kaynağ,12,11
dile,12,8
meydan,12,10
destan,12,6
tescil,12,8
kültürel,12,5
yerin,12,9
görüntü,12,7
yoğun,12,10
nitelik,12,10
daim,12,9
dönüm,12,7
mensub,12,9
ömer,12,2
fran,12,9
bekle,12,7
türlü,12,10
asil,12,9
çete,12,1
beklenti,12,6
islam,12,4
etiğ,12,5
çince,12,3
fransızca,12,3
tesyev,12,3
soruştur,12,1
üzerinde,11,10
kayd,11,9
kan,11,11
kanal,11,6
ince,11,9
önlem,11,9
aydın,11,6
genetik,11,8
boya,11,6
konsey,11,7
support,11,3
odak,11,11
mekanizma,11,4
izin,11,6
ödem,11,7
yerli,11,8
yarın,11,8
güve,11,8
aşkın,11,6
temiz,11,7
kuran,11,8
özellikle,11,9
oda,11,7
düşünce,11,10
fert,11,5
tak,11,8
deri,11,6
boyun,11,8
yönlen,11,11
pandemi,11,8
vurgu,11,3
diz,11,6
olay,11,5
yansı,11,7
izlem,11,10
saban,11,9
bur,11,9
taleb,11,5
atıl,11,7
doğa,11,6
all,11,8
sel,11,5
sevi,11,5
meb,11,2
mac,11,5
çarşamba,11,8
microsoft,11,5
final,11,6
şampiyon,10,6
mah,10,10
istihdam,10,9
profil,10,10
yalnız,10,5
foça,10,7
hayati,10,6
kurulum,10,6
tekstil,10,5
saldırı,10,4
vakıf,10,5
ayı,10,7
gül,10,7
gümüş,10,7
mehmet,10,8
tasarı,10,6
elif,10,6
group,10,3
gide,10,7
görünür,10,4
modül,10,7
format,10,7
kesme,10,5
özet,10,9
kaynakça,10,5
arka,10,6
çizi,10,7
uç,10,6
merak,10,2
ilham,10,6
ziyaretçi,10,8
mode,10,5
kompleks,10,6
sonuçla,10,10
malatya,10,1
oyuncak,10,2
adına,10,10
balçova,10,8
katil,10,3
barış,10,7
büst,10,2
müsabaka,10,4
ism,10,9
firma,10,2
çelebi,10,2
tekrar,10,9
önle,10,7
resim,10,8
çevri,10,5
yürek,10,7
gez,10,6
yazar,10,6
baba,10,8
inşaat,10,8
irade,10,3
takdir,10,9
mesai,10,9
tut,10,8
topla,10,8
bereket,10,2
konum,10,9
dalga,10,2
neler,10,5
bek,10,5
boz,10,5
aylık,10,6
uyum,10,6
ortaokul,10,4
kardeş,10,3
gerçeğ,10,5
hukuki,10,8
kongre,10,8
mazlum,10,4
şef,10,5
çocuğ,10,5
tıbbi,10,5
eğitmen,10,6
ebeveyn,10,4
tekniğ,10,4
maaş,10,7
seci,10,4
formasyon,10,3
pedagojik,10,4
puanla,9,6
ekonomik,9,7
hatır,9,8
hükm,9,8
kararname,9,8
muhasebe,9,5
ayr,9,8
ekonomi,9,8
kurula,9,9
logo,9,5
tezle,9,9
ora,9,8
evren,9,8
verim,9,7
hast,9,7
kimya,9,4
kayıp,9,3
bağışla,9,7
ilişik,9,5
sesli,9,5
referans,9,9
ayır,9,5
şimdi,9,8
kabiliyet,9,6
misafir,9,8
mümkün,9,8
şebeke,9,4
sar,9,6
gösterim,9,9
elbette,9,9
kavuş,9,5
arkadaş,9,8
ist,9,9
sorumluluğ,9,7
toprağ,9,3
toprakla,9,6
aslı,9,9
terör,9,6
huzur,9,8
kuşak,9,7
anahtar,9,4
hav,9,6
kutlu,9,8
alman,9,9
tescille,9,5
sev,9,8
büyüğ,9,3
harca,9,8
amaçla,9,6
ikinci,9,7
meyve,9,3
dinle,9,8
adet,9,7
yunan,9,7
güney,9,4
birikim,9,6
organize,9,9
binali,9,4
antrenör,9,2
beyan,9,5
sebep,9,2
teklif,9,6
öt,9,6
entegrasyon,9,3
suriye,9,3
uçak,9,2
düze,9,6
dikey,9,9
terapi,9,5
denk,9,9
lise,9,7
great,9,3
cam,9,4
windows,9,4
serbest,9,3
derle,8,6
arayüz,8,3
otel,8,3
bilinç,8,6
devr,8,8
sürel,8,7
esra,8,5
ebru,8,8
clinical,8,6
ahu,8,4
uzlaş,8,5
radyoaktivite,8,2
materyal,8,5
karanlık,8,3
cinsiyet,8,4
life,8,5
will,8,8
ayrım,8,7
tutul,8,6
kısayol,8,4
karşılaştır,8,7
collection,8,4
dene,8,4
etab,8,3
layık,8,6
aşk,8,7
yaklaş,8,6
suna,8,7
vesile,8,7
yücel,8,4
dinleti,8,7
hakim,8,3
ayrıc,8,7
vekil,8,3
youtube,8,5
pilot,8,4
ser,8,6
ölüm,8,4
yaşın,8,5
çelenk,8,5
odakla,8,6
yukarı,8,5
engelle,8,6
sembol,8,5
hükümet,8,5
yüküm,8,5
tanık,8,3
güvence,8,6
kut,8,7
rahat,8,5
egemen,8,4
amfi,8,6
hüner,8,2
seslen,8,6
ideal,8,4
yuna,8,5
tecrübe,8,4
kayded,8,7
açıl,8,8
konakla,8,7
kadir,8,5
plaket,8,4
medya,8,8
stok,8,5
çamur,8,3
tespit,8,5
israil,8,2
kaygı,8,5
göçü,8,2
robot,8,4
ortaklık,8,3
one,8,5
time,8,5
challenge,8,4
kacak,8,4
aritmi,8,3
kupa,8,4
ortalama,8,3
söyleşi,8,4
erte,8,3
indeks,8,2
global,7,3
koşulla,7,6
midilli,7,4
reset,7,4
açıla,7,6
seferihisar,7,4
lig,7,4
birleş,7,5
engin,7,5
ari,7,3
ramazan,7,5
editör,7,4
profesyonel,7,3
modelle,7,4
tasarla,7,6
alp,7,4
open,7,7
gri,7,5
azerbaycan,7,3
komuta,7,6
karşıla,7,7
sergile,7,4
ekmek,7,3
zeka,7,6
verecek,7,6
adıyaman,7,2
kahramanmaraş,7,6
zarar,7,5
inşa,7,7
yanında,7,6
zemin,7,5
aşıla,7,5
çakabey,7,3
saygın,7,7
perspektif,7,7
ihracat,7,2
camia,7,6
binlerce,7,4
ada,7,6
görü,7,5
mesleğ,7,4
selamet,7,6
ban,7,4
istikbal,7,6
ülken,7,6
samsun,7,5
dizi,7,3
istiklal,7,6
seçil,7,5
yana,7,7
mutlak,7,6
sak,7,6
ışığ,7,6
emr,7,5
nüfus,7,6
herkes,7,6
otizm,7,4
nefes,7,3
düşman,7,4
yunanistan,7,5
yun,7,5
güzide,7,1
cevap,7,4
bakanlık,7,5
hatt,7,6
menfaat,7,2
net,7,4
darbe,7,2
ihlal,7,2
başlangıç,7,6
silah,7,3
people,7,4
soykırım,7,3
siyasi,7,2
fransız,7,6
gündem,7,3
etiket,7,4
öte,7,5
batığ,7,2
arşivle,7,7
haluk,7,2
kaldır,7,4
uyarı,7,7
mahalle,7,7
otobüs,7,5
down,7,4
sat,7,5
kare,7,4
sil,7,6
özgeçmiş,7,3
komite,7,4
öncele,7,7
yaratı,7,7
yazım,7,7
fener,7,1
rus,7,2
sondaj,7,1
dağla,7,1
dağ,7,1
health,6,6
transkript,6,5
kategori,6,5
afad,6,6
doküman,6,3
geniş,6,5
demir,6,5
ticari,6,3
geçer,6,3
türkmen,6,6
uğra,6,5
hasa,6,6
güler,6,4
safi,6,3
kurt,6,4
ulus,6,5
olgu,6,5
özlem,6,6
cilt,6,3
çapar,6,2
kompozit,6,2
aktivite,6,5
fiziğ,6,2
biyoloji,6,3
beton,6,3
paylaşım,6,4
systems,6,2
are,6,4
azal,6,4
depola,6,4
taran,6,4
bireysel,6,6
blv,6,6
devri,6,6
katalog,6,6
yayınev,6,5
somut,6,3
liman,6,5
koş,6,3
nere,6,6
savunma,6,5
muhterem,6,4
operasyon,6,3
aldi,6,3
dev,6,3
havacılık,6,2
seferber,6,4
yüzyıl,6,6
ahmet,6,5
sani,6,6
sona,6,5
ilaç,6,4
gözlem,6,3
ağır,6,4
kapsa,6,5
mutfak,6,3
önemse,6,4
değin,6,3
şek,6,5
pir,6,5
ağın,6,3
giy,6,3
marş,6,6
arad,6,6
dolu,6,4
sonunda,6,6
konuk,6,3
çekim,6,5
çekil,6,4
moderatör,6,6
çakmak,6,2
çağdaş,6,4
erke,6,4
erken,6,4
yıldönüm,6,4
ergen,6,6
adnan,6,5
asla,6,5
akredite,6,5
kerim,6,5
kağıt,6,1
suç,6,4
fonksiyon,6,4
harita,6,5
görüşme,6,5
benze,6,6
artık,6,4
kumaş,6,1
saliha,6,2
ilgilen,6,3
asıl,6,3
sı,6,4
kutsal,6,4
dikim,6,4
gönder,6,6
minnet,6,5
metot,6,2
özelliğ,6,4
kader,6,1
mühür,6,2
erol,6,3
saf,6,2
defter,6,3
vereceğ,6,5
çene,6,3
kana,6,3
kritik,6,4
bürokrat,6,3
dos,6,4
selim,6,3
kalan,6,6
kalem,6,5
uzma,6,6
koleksiyon,6,2
federasyon,6,2
danıştay,6,5
inci,6,4
oturum,6,3
işgören,6,4
ikram,6,3
mescid,6,1
şiddet,6,4
from,6,6
sözde,6,3
yet,6,6
davran,6,6
eylem,6,3
projeksiyon,6,3
tebliğ,6,4
sıkıntı,6,3
çatış,6,2
kaçakçı,6,3
kaybed,6,5
diaspora,6,2
leh,6,3
bot,6,3
ister,6,3
yazık,6,3
tanımla,6,5
bildir,6,4
beşer,6,2
application,6,2
adatepe,6,6
çat,6,1
poliklinik,6,2
yunanca,6,3
yds,6,4
ispanyolca,6,3
bab,6,5
meditasyon,6,3
latince,6,3
cumartesi,6,3
bülten,6,6
uyarla,6,3
tur,6,5
izn,6,6
very,6,3
like,6,3
limit,6,3
faiz,6,3
pozisyon,6,2
erg,6,1
keşfet,6,4
ajan,6,1
parola,6,4
plastik,6,3
balık,6,1
uyarınca,6,6
atik,6,3
lojistiğ,6,1
seçim,6,4
patentle,6,6
patent,6,6
ortala,6,2
lif,5,4
has,5,5
duyar,5,5
karekod,5,5
damar,5,4
müzikoloji,5,2
çeviri,5,5
itibari,5,4
ayın,5,4
arş,5,2
arapça,5,5
işletim,5,2
kafeterya,5,4
anaokul,5,4
yurtiç,5,5
şablon,5,4
çağla,5,5
öğüt,5,3
özgür,5,4
çavaş,5,3
blue,5,5
ufuk,5,3
evrensel,5,5
ltd,5,4
yetersiz,5,3
uluslarası,5,5
aktör,5,4
moleküler,5,5
yapay,5,3
yaygın,5,5
kıl,5,5
boşan,5,5
esin,5,4
state,5,3
takı,5,5
takib,5,5
intihal,5,5
çanakkale,5,3
alti,5,4
rüzgar,5,2
libya,5,2
himaye,5,3
güneş,5,5
başlığ,5,5
broşür,5,4
çıkacağ,5,5
hemen,5,4
temas,5,4
bent,5,2
test,5,4
maliyet,5,4
yemekhane,5,5
mutfağ,5,3
heyet,5,2
kış,5,2
haki,5,3
bilinc,5,4
etmen,5,4
onur,5,5
başlangıc,5,4
nezd,5,5
taç,5,3
dek,5,3
selçuk,5,5
anıt,5,5
konser,5,4
ihanet,5,4
hakikat,5,4
iptal,5,4
kork,5,5
muhsin,5,1
sesle,5,3
içten,5,5
ayak,5,4
azalt,5,4
şeffaf,5,4
sadık,5,2
kısır,5,1
gösterge,5,5
kız,5,3
muayene,5,3
sevinc,5,4
etap,5,2
bahçe,5,3
bol,5,2
afyon,5,2
benzeri,5,5
frans,5,5
şehr,5,3
çoğu,5,3
dün,5,2
marmara,5,3
netice,5,3
merkezle,5,3
branş,5,3
başhekim,5,5
süleyman,5,4
isteğ,5,4
onayla,5,4
şan,5,4
heykel,5,3
corona,5,4
bekir,5,3
tehlike,5,4
bursa,5,4
hadise,5,3
ker,5,3
tutuk,5,1
paradigma,5,1
sığınmacı,5,2
dram,5,1
şikayet,5,3
kuzey,5,4
batik,5,1
ayrıntı,5,5
köken,5,2
rast,5,2
zorunluluğ,5,5
peşin,5,2
der,5,5
şentop,5,1
nev,5,2
naz,5,3
dar,5,2
hami,5,3
mal,5,5
cadde,5,4
hata,5,5
karabağ,5,3
yurtdışı,5,5
cuma,5,4
app,5,5
home,5,5
turkish,5,5
laboratuar,5,4
fon,5,5
rulet,5,5
arabirim,5,5
estetik,5,3
kliniğ,5,3
mithatpaşa,5,3
caddesi,5,5
sekreterya,5,5
diksiyon,5,4
menu,5,5
döküm,5,3
san,5,3
uyruk,5,4
hibrit,5,4
satınal,5,3
muafiyet,5,5
pazartesi,5,5
vehb,5,2
lima,5,2
pazarla,5,4
zoom,5,4
website,4,4
about,4,4
study,4,4
beden,4,4
sığ,4,3
elektroniğ,4,1
seramiğ,4,1
reha,4,1
biyomedikal,4,1
arkeolojik,4,4
yoluyla,4,4
davranış,4,4
sportif,4,3
yurtiçi,4,4
olgun,4,4
tuna,4,3
leyla,4,4
fak,4,3
zeng,4,4
çelik,4,3
emir,4,2
kula,4,2
arzu,4,4
zahid,4,2
ibrahim,4,3
era,4,4
bele,4,2
cancer,4,2
düzelt,4,3
suret,4,4
betonarme,4,2
ihtilaf,4,2
yolak,4,2
kayaç,4,2
konsantrasyon,4,2
radyolojik,4,2
mineral,4,2
organik,4,2
karakterizasyon,4,4
sistematik,4,2
derlem,4,2
ölçü,4,2
karaman,4,3
nehir,4,3
imge,4,2
skala,4,2
psikoloji,4,4
gen,4,4
security,4,2
damgala,4,2
gizli,4,4
sayısal,4,4
harman,4,3
türksat,4,4
konsept,4,4
sitem,4,4
araştırı,4,4
academic,4,4
telaffuz,4,4
proxy,4,4
basil,4,4
sağlam,4,4
skip,4,4
küçül,4,4
tonla,4,4
tipi,4,4
envanter,4,3
tank,4,2
zirve,4,3
başbakan,4,4
inovatif,4,4
kol,4,3
bronz,4,3
gastronomi,4,4
duyu,4,4
hidrojen,4,2
gaz,4,3
ibaret,4,4
önder,4,4
eksiğ,4,1
konteyner,4,2
kapasite,4,4
umut,4,4
osma,4,4
yılmaz,4,2
gaye,4,3
mütevelli,4,2
algı,4,3
zulüm,4,3
emevi,4,1
büyüt,4,3
nice,4,3
selçuklu,4,4
çıkış,4,3
best,4,4
oldukça,4,4
gaziantep,4,3
feraset,4,1
ayşenur,4,1
gülerman,4,2
konuğ,4,3
ned,4,3
anlatım,4,2
hakan,4,2
aidiyet,4,3
avukat,4,4
logos,4,3
sonuçlandır,4,3
gözle,4,3
sevda,4,4
bakış,4,4
hülya,4,2
kapan,4,4
gam,4,4
kalın,4,2
şükran,4,4
vefa,4,2
yaşar,4,3
çabala,4,3
hayırsever,4,2
elçi,4,3
ezan,4,2
uyanık,4,2
keri,4,4
tilavet,4,3
diren,4,4
alçak,4,2
saya,4,4
yolsuz,4,2
adli,4,4
tebrik,4,2
iso,4,3
içtenlikle,4,4
baht,4,3
öncelikle,4,4
bahset,4,3
şahs,4,2
orkestra,4,4
bask,4,2
söylem,4,3
kaybet,4,3
koro,4,4
kooperatif,4,1
ağa,4,3
coşku,4,3
meclisini,4,1
şarkı,4,1
şiir,4,2
ilber,4,4
kıyı,4,2
akdeniz,4,3
sabah,4,2
kurtar,4,4
emre,4,4
bardağ,4,1
başkanvekil,4,2
cümle,4,1
parmak,4,4
dona,4,3
dişi,4,4
ark,4,4
kaynaklan,4,3
genc,4,2
tev,4,3
kalıntı,4,3
yeniliğ,4,4
nezdinde,4,4
roma,4,4
komşu,4,4
rota,4,3
yapın,4,3
ayla,4,2
kesinti,4,2
vali,4,4
teşrif,4,3
şah,4,2
olimpik,4,4
tor,4,2
paintball,4,1
antalya,4,3
şampiyona,4,2
direktör,4,3
kötü,4,2
dikkatli,4,3
hala,4,2
hüseyin,4,3
tbmm,4,2
vur,4,3
siyaset,4,3
yat,4,4
arazi,4,3
tepki,4,3
kov,4,2
göze,4,3
israel,4,1
they,4,4
kasaba,4,2
üstelik,4,2
fedakar,4,3
yalan,4,1
iddia,4,2
deklarasyon,4,1
mahkeme,4,2
yasal,4,2
statü,4,3
etiketle,4,3
dini,4,4
çifte,4,2
örgü,4,2
ölü,4,2
tutu,4,4
sinema,4,4
soy,4,4
kum,4,2
rakam,4,3
bula,4,4
maddi,4,4
coğrafya,4,3
reform,4,2
götür,4,4
çini,4,2
organ,4,2
yasağ,4,1
karasu,4,1
yel,4,3
coğrafi,4,2
reis,4,3
peş,4,3
ferdi,4,2
kutl,4,4
mesafe,4,3
köşger,4,3
arttır,4,3
ilgile,4,2
yang,4,3
ilim,4,3
rica,4,4
mahiyet,4,3
daima,4,4
çalgı,4,2
sav,4,2
zincir,4,2
senaryo,4,2
mazhar,4,1
etkileşim,4,4
şimşek,4,2
değişken,4,1
onar,4,3
nizami,4,1
medrese,4,1
italya,4,4
kantin,4,3
need,4,4
run,4,4
places,4,2
get,4,3
casino,4,4
egzersiz,4,4
milletlerarası,4,4
klavye,4,4
yüklem,4,4
mozaik,4,4
ağu,4,4
had,4,4
per,4,4
masaüst,4,4
ölçüt,4,2
bitim,4,4
mağduriyet,4,2
nar,4,1
baf,4,1
lam,4,1
gye,4,1
yes,4,1
ruf,4,1
aka,4,1
ima,4,2
lop,4,1
denklik,4,4
silin,4,4
kala,4,4
dernek,4,2
kosgeb,4,2
autocad,4,4
client,4,4
rhino,4,4
amos,4,4
tasarruf,4,2
pasaport,4,2
güvenc,4,4
röportaj,4,2
azami,4,3
teams,4,1
tedarik,4,2
yakıt,4,1
akkan,4,3
iktisat,4,1
listele,4,4
dilbilgi,4,1
kartal,4,1
mekaniğ,4,1
marble,4,1
artçı,4,1
motosiklet,4,1
trafik,4,1
sin,3,3
more,3,1
contact,3,3
ögren,3,3
mail,3,3
kvk,3,3
konservatuar,3,3
ankara,3,3
maliye,3,3
muğla,3,1
bay,3,2
giyim,3,3
tekne,3,2
cesaret,3,3
maneviyat,3,3
yurd,3,3
hacı,3,3
yakup,3,3
ikbal,3,2
tutku,3,3
dide,3,2
okan,3,3
tolga,3,3
zeynep,3,3
saraç,3,2
off,3,3
batman,3,3
uzan,3,3
diri,3,3
omer,3,3
nükleer,3,3
havza,3,3
temin,3,3
resources,3,3
işçi,3,3
sosyoloji,3,3
bitki,3,3
biyolojik,3,3
gebe,3,3
studies,3,3
kaydet,3,3
askeri,3,2
çiçek,3,2
helikopter,3,2
akın,3,3
kanat,3,3
stant,3,1
madalya,3,2
sol,3,2
simülatör,3,2
biçim,3,3
ton,3,2
yık,3,3
filtrasyon,3,2
karbon,3,2
ters,3,2
tebessüm,3,2
minik,3,3
bilgiye,3,3
hayran,3,2
aran,3,3
sonuçlan,3,3
metrekare,3,2
atağ,3,1
dök,3,2
çekerek,3,3
gözlemle,3,2
tabii,3,3
konfederasyon,3,1
dördüncü,3,3
yeniden,3,2
hayda,3,1
alg,3,2
soluk,3,2
imparator,3,3
sırr,3,2
tehdit,3,3
şahsiyet,3,1
teşkil,3,2
erkan,3,3
alındı,3,3
otur,3,3
turknet,3,1
verici,3,3
ciro,3,1
niyet,3,2
nesne,3,3
icra,3,3
alkan,3,2
yad,3,3
sergiy,3,3
vazife,3,3
erdi,3,3
tanes,3,3
adam,3,1
mimari,3,2
öd,3,3
şans,3,2
yakış,3,3
çınar,3,2
değerle,3,3
dua,3,3
res,3,3
dire,3,3
tac,3,3
ecdad,3,2
gözyaş,3,3
ömür,3,3
akşam,3,2
kaplan,3,2
kapla,3,3
önceliğ,3,3
sağl,3,2
blok,3,2
par,3,2
komiser,3,3
elinden,3,3
ihmal,3,3
ösym,3,3
cesur,3,1
tuncer,3,2
gön,3,3
bahtı,3,3
donat,3,3
armağan,3,2
hikayele,3,1
alerjen,3,1
hayali,3,2
işaretle,3,1
özçınar,3,2
hisset,3,2
ney,3,2
günle,3,3
birer,3,3
baskı,3,2
fay,3,3
faydalan,3,2
medeni,3,2
kafa,3,3
ağac,3,2
habitat,3,2
dans,3,2
doy,3,2
kuşakla,3,3
reng,3,3
rengin,3,3
refah,3,3
arz,3,2
bilgin,3,3
dilin,3,3
pekiş,3,2
hırs,3,2
çöl,3,2
üstüne,3,2
çoğun,3,2
çoğ,3,3
başl,3,3
düzenli,3,3
tahmin,3,2
dü,3,3
safa,3,1
gündoğan,3,1
tane,3,2
bazen,3,2
rekabet,3,2
önems,3,2
alışkan,3,2
girdi,3,3
indirim,3,2
kimyasal,3,3
varank,3,1
karşılığ,3,3
pratik,3,3
rot,3,2
titiz,3,3
sevinç,3,2
dolap,3,2
büro,3,2
depo,3,3
emisyon,3,1
imar,3,2
seçkin,3,2
kriz,3,2
devrim,3,2
revizyon,3,2
hattat,3,2
birbiri,3,3
parkur,3,1
kulüb,3,2
koşu,3,2
daya,3,3
mesele,3,3
mantığ,3,3
polis,3,3
levent,3,2
general,3,3
parti,3,2
vakfed,3,2
ilave,3,3
fut,3,2
filistin,3,1
sırasında,3,3
terörist,3,3
giz,3,3
çıkart,3,3
kısm,3,2
yargı,3,2
kararla,3,3
cenevre,3,2
bulaş,3,3
mısır,3,3
ehliyet,3,2
dayan,3,2
istikrar,3,2
duvar,3,2
tartış,3,3
kaç,3,2
kürt,3,1
peki,3,3
öl,3,3
sebebiyle,3,2
yuva,3,2
isabet,3,3
aliağa,3,3
çal,3,3
çin,3,2
onarım,3,2
travma,3,2
kilit,3,3
keşfed,3,1
keşf,3,2
ahşap,3,1
beşeriyet,3,1
öne,3,2
koşa,3,2
ferd,3,2
yalçın,3,2
mucize,3,1
yavuz,3,3
motive,3,3
demek,3,3
salgı,3,3
size,3,2
köşk,3,1
atfet,3,1
hamis,3,3
bilir,3,2
eza,3,2
doğrul,3,2
anne,3,2
ikra,3,2
ateş,3,2
şifa,3,3
dahili,3,3
saruhan,3,1
edip,3,3
felsefe,3,3
kel,3,2
uğur,3,3
laz,3,2
açma,3,3
ekler,3,1
aks,3,2
konya,3,3
sok,3,3
kına,3,1
göğüs,3,2
news,3,3
list,3,3
tablet,3,3
sözlük,3,3
black,3,3
white,3,3
yellow,3,3
renkle,3,3
sön,3,3
sit,3,3
ispanyol,3,3
italyanca,3,3
psikanaliz,3,3
fonksiyonel,3,3
meşk,3,3
çoğal,3,3
minyatür,3,3
tezhip,3,3
kabar,3,3
mitoloji,3,3
erge,3,3
ozon,3,3
gözetim,3,3
tahkim,3,3
pasif,3,3
türkçesi,3,3
ilmihal,3,3
organization,3,3
search,3,3
kafe,3,3
feel,3,3
semi,3,3
rules,3,3
full,3,3
meet,3,3
litt,3,3
language,3,3
experience,3,3
made,3,3
fall,3,3
coming,3,3
tim,3,3
quality,3,3
good,3,3
hope,3,3
being,3,3
year,3,3
stay,3,3
itiraz,3,3
detayla,3,3
esna,3,3
dekont,3,1
okutman,3,2
khk,3,3
genelge,3,3
tetkik,3,3
vezn,3,3
zamm,3,3
vesika,3,3
sgk,3,3
kanıt,3,3
eko,3,1
amr,3,1
wrc,3,1
mhk,3,1
eta,3,1
mek,3,1
asa,3,1
sid,3,1
sac,3,1
cim,3,1
sik,3,1
eda,3,1
kid,3,1
mis,3,2
yit,3,2
rom,3,2
sni,3,1
ohm,3,1
yum,3,1
jun,3,1
abs,3,1
fok,3,1
toy,3,1
bik,3,1
sam,3,1
deh,3,1
his,3,1
nou,3,1
eke,3,1
ron,3,1
aba,3,1
vfb,3,1
wen,3,1
uc,3,1
ud,3,1
pas,3,1
ing,3,2
bbg,3,1
ppk,3,1
rod,3,1
iha,3,3
pil,3,2
sdn,3,1
dtp,3,1
npt,3,1
jet,3,1
cnn,3,2
esp,3,1
cip,3,1
led,3,2
irk,3,1
pet,3,2
kik,3,1
doc,3,3
sbs,3,1
sigorta,3,3
tavan,3,3
eskişehir,3,3
fiyat,3,2
sonlan,3,1
okuryazar,3,2
yeterlik,3,3
mum,3,3
partner,3,3
avcı,3,1
vefat,3,1
dağıtım,3,3
opera,3,2
klavuz,3,2
cad,3,3
afiş,3,2
volkan,3,3
bitiş,3,2
haz,3,2
akka,3,2
karele,3,3
ertele,3,2
belirti,3,2
fizyoterapi,3,1
ortopedik,3,2
animasyon,3,2
rekreasyon,3,2
döküman,3,2
curling,3,1
gençoğlu,3,2
eğlence,3,3
oxford,3,1
kabin,3,1
hasan,3,3
endüstriyel,3,1
yayıl,3,1
manisa,3,1
ritim,3,1
kardiyak,3,1
bilirkişi,3,2
hemze,3,1
şefi,3,1
mobbing,2,2
forum,2,2
exchange,2,2
education,2,1
scientific,2,2
relations,2,1
region,2,2
set,2,2
yelpaze,2,2
denizli,2,1
menderes,2,2
celal,2,2
jeofizik,2,2
yüzey,2,2
balkan,2,1
metroloji,2,1
kalibrasyon,2,2
uyku,2,2
mer,2,1
kıyafet,2,2
konukev,2,2
kredi,2,2
hurda,2,2
dinlen,2,1
restoran,2,2
yurdu,2,2
whit,2,2
table,2,2
guide,2,2
araz,2,2
durmuş,2,2
deve,2,2
aylin,2,2
şeyda,2,2
sere,2,2
intepe,2,2
sibel,2,2
avni,2,2
çağnur,2,2
altun,2,2
turgay,2,2
yusuf,2,2
hatice,2,2
müge,2,2
fatma,2,2
şahi,2,2
zahide,2,2
coşkun,2,2
erkek,2,2
ayça,2,2
filiz,2,2
karakuz,2,2
melek,2,2
fiber,2,2
data,2,2
aegean,2,2
malta,2,2
tools,2,2
academy,2,2
baku,2,2
acid,2,2
protein,2,2
huzurev,2,2
zeyrek,2,2
basel,2,2
base,2,2
bulgula,2,2
bulgu,2,2
kazanc,2,2
kitabev,2,2
colon,2,2
nature,2,2
publishing,2,2
colo,2,2
springer,2,2
dna,2,2
esnasında,2,2
polimer,2,2
matris,2,2
takviye,2,2
kiriş,2,2
yapılandır,2,2
müzakere,2,2
hande,2,2
kristal,2,2
kırınım,2,2
pediatri,2,2
meta,2,2
nötrino,2,2
zerr,2,2
zerrin,2,2
social,2,2
hidrojeolojik,2,2
rezervuar,2,2
uygur,2,2
birik,2,2
saman,2,2
gene,2,2
department,2,2
engineering,2,2
broad,2,2
spin,2,2
times,2,2
simple,2,2
ısıl,2,2
pdf,2,2
inanc,2,1
umar,2,1
mecbur,2,2
yakından,2,2
muharebe,2,1
havaliman,2,1
bayraktar,2,1
akıncı,2,2
gök,2,1
mark,2,2
bakır,2,1
çeşid,2,1
sürü,2,2
üçüncü,2,2
yakala,2,1
aracılığıyla,2,2
solaris,2,2
geometri,2,2
alaka,2,1
ayri,2,1
arıtım,2,1
litre,2,1
herk,2,2
filtre,2,1
büyükşehir,2,2
duygulan,2,1
kızılay,2,2
yıllarca,2,2
lira,2,2
bodrum,2,2
alakart,2,2
planl,2,2
usta,2,1
bilal,2,1
geleneğ,2,1
yorumla,2,1
yorum,2,1
haydar,2,1
cihat,2,1
fethet,2,1
batın,2,1
ilelebet,2,1
serüven,2,2
sultan,2,2
mensubiyet,2,2
yolun,2,2
nihayet,2,1
hür,2,2
öge,2,1
merhum,2,2
beste,2,2
yiğit,2,1
şirket,2,1
cem,2,2
koordine,2,1
sına,2,1
oluşum,2,2
nedim,2,2
şe,2,2
nasib,2,1
sonsuz,2,2
örneğin,2,2
akra,2,2
redd,2,2
mahmut,2,2
kuşağ,2,2
meslektaş,2,2
eren,2,1
aktuğ,2,2
çetin,2,2
ayrıcalığ,2,2
katkıla,2,2
moral,2,2
panelist,2,2
çeki,2,2
taçlan,2,2
bahsed,2,2
kişiliğ,2,2
ebed,2,1
başkomutan,2,2
diktatör,2,1
paşa,2,2
halka,2,1
mutlaka,2,2
telgraf,2,1
batıl,2,2
gündüz,2,1
meydanı,2,2
ödün,2,2
tümör,2,2
özcan,2,2
kalk,2,2
oyna,2,2
pasta,2,2
andi,2,2
asistan,2,2
ger,2,2
sira,2,2
göğs,2,2
siper,2,2
bozgun,2,1
bıçağ,2,1
çil,2,1
kavga,2,1
elebaş,2,1
şüphe,2,2
birden,2,2
dağıl,2,2
müsaade,2,2
lokma,2,2
bani,2,2
ekmeğ,2,2
doğay,2,2
akar,2,1
hassasiyet,2,2
arena,2,1
çevren,2,2
toksik,2,2
israf,2,2
getiri,2,2
neşe,2,1
torbala,2,1
özgürlük,2,1
kesim,2,2
fiziki,2,2
maruz,2,2
sınırla,2,2
badem,2,1
konumlan,2,2
taptaze,2,2
umud,2,2
koku,2,1
eksen,2,2
ivedi,2,2
terim,2,1
ilkin,2,1
iftihar,2,1
erhan,2,1
mühürle,2,1
kudret,2,2
vurgul,2,2
şair,2,1
harbi,2,1
terk,2,2
katliam,2,2
arkas,2,2
kaybol,2,1
cennet,2,1
mevzi,2,1
yunus,2,2
kapıcıoğlu,2,1
durağ,2,1
elver,2,2
naci,2,2
ışın,2,2
soğut,2,1
kazı,2,2
sofra,2,1
tüketim,2,1
yetişkin,2,2
ilac,2,1
hedefl,2,2
kısım,2,2
parametre,2,1
basamak,2,2
hazırlığ,2,2
bando,2,2
roman,2,1
adalar,2,2
büyükbaş,2,2
bağr,2,2
birçoğ,2,2
izl,2,1
suni,2,2
tohumla,2,2
doğan,2,2
karma,2,1
konut,2,2
onlarca,2,2
kaçır,2,2
kulak,2,2
hibe,2,2
dayanık,2,2
sebeb,2,2
plazma,2,2
buda,2,1
ges,2,2
hürmet,2,2
rumi,2,1
seyir,2,1
cihan,2,2
metre,2,1
uğr,2,2
bulundur,2,2
yükseğ,2,1
layıkıyla,2,1
gönl,2,1
denkle,2,1
sula,2,2
kıdem,2,1
cemaat,2,1
sami,2,1
diyarbakır,2,2
anatomi,2,2
seyr,2,2
cami,2,2
halisdemir,2,1
ağabey,2,2
ahlak,2,2
idrak,2,2
rakip,2,1
basketbol,2,2
kudüs,2,2
filistinli,2,1
kın,2,1
rights,2,1
human,2,1
other,2,1
itibar,2,2
rusya,2,1
ahali,2,1
katlet,2,1
yalnızca,2,1
fransa,2,2
çarpıt,2,1
cephe,2,1
sorumsuz,2,2
sevk,2,2
iskan,2,1
kafile,2,1
yargıla,2,2
bulduk,2,1
cezalandır,2,2
üzüntü,2,2
hadis,2,2
soğuk,2,1
evin,2,1
muamele,2,1
stk,2,2
böl,2,2
vaka,2,2
hakimiyet,2,1
güzergah,2,1
karakter,2,2
tavsiye,2,2
katla,2,1
parçala,2,2
dava,2,1
prosedür,2,2
aylan,2,1
okuyan,2,2
batır,2,1
gayet,2,1
yoksul,2,2
manzara,2,2
reklam,2,2
doğrudan,2,2
bulan,2,2
sahnele,2,2
kobani,2,1
oba,2,2
mühimmat,2,1
çekin,2,1
temizle,2,2
kesinlikle,2,2
seçki,2,2
ülkem,2,2
kurd,2,2
duyarlı,2,2
geçici,2,1
hürriyet,2,1
gönderi,2,2
gönderim,2,2
civar,2,1
güçlük,2,1
epistemoloji,2,1
piyasa,2,1
karmaşık,2,2
telif,2,2
çağlar,2,2
dilim,2,2
uygar,2,1
derinlik,2,1
harun,2,2
milliyet,2,2
tabak,2,1
irfan,2,2
güngör,2,2
yabancıla,2,1
koca,2,1
kalyon,2,1
donan,2,1
yerleşim,2,2
aybüke,2,1
bağımsız,2,2
akil,2,2
memleket,2,2
düşük,2,2
yeteneğ,2,2
manevi,2,2
kademe,2,1
sancar,2,1
rastla,2,2
sabit,2,1
önyargı,2,2
görünmez,2,2
inşallah,2,2
maddiyat,2,1
biraz,2,2
yür,2,2
çizim,2,1
aksa,2,2
müstesna,2,1
kral,2,1
lazım,2,1
beyefendi,2,1
kesi,2,2
kırık,2,1
kainat,2,1
kurban,2,2
kast,2,1
allah,2,2
beyn,2,2
yüce,2,1
erkeğ,2,1
baskıla,2,1
iktidar,2,1
van,2,2
etraflı,2,2
kampanya,2,1
şehid,2,1
bütünleşik,2,2
amerika,2,2
şöhret,2,1
dimağ,2,1
kadim,2,2
ocağ,2,2
azim,2,1
aym,2,2
nevşehir,2,1
veli,2,1
çetinkaya,2,2
müfit,2,1
burc,2,1
burcu,2,1
mülakat,2,2
alem,2,1
durakla,2,1
asır,2,2
ufk,2,2
hasred,2,1
belirsiz,2,2
hamle,2,2
teorik,2,2
anarşik,2,1
azm,2,2
kurmay,2,1
elbir,2,1
edinim,2,1
süleymani,2,1
yekta,2,1
çekiş,2,1
saplantı,2,1
müessese,2,1
ateşin,2,1
saklı,2,2
fas,2,2
bağdat,2,1
hikmet,2,2
süleymaniye,2,1
amblem,2,2
argüman,2,1
yıpra,2,1
rejim,2,1
talent,2,2
how,2,2
done,2,2
high,2,2
june,2,2
when,2,2
building,2,2
before,2,2
mahallesi,2,2
passport,2,2
rubber,2,2
lokal,2,1
çatı,2,1
hastenesi,2,2
gloria,2,2
durak,2,2
hatay,2,1
cana,2,1
deneyimle,2,2
imbat,2,2
klasör,2,2
masraf,2,2
havale,2,2
tava,2,1
deborah,2,2
türkak,2,2
psikiyatri,2,2
hariç,2,2
tebligat,2,2
parafla,2,2
ıslak,2,2
ths,2,1
fda,2,1
erk,2,1
hut,2,1
ram,2,1
tef,2,1
yik,2,1
dpt,2,1
tgb,2,1
dut,2,1
tgc,2,1
ydk,2,1
axa,2,1
cev,2,1
ddk,2,1
balo,2,2
los,2,1
nat,2,1
liu,2,1
har,2,1
bal,2,1
zer,2,1
abu,2,1
afi,2,1
dul,2,1
mol,2,1
gru,2,1
wei,2,1
dgm,2,1
iti,2,1
tbf,2,1
hts,2,1
fal,2,1
lim,2,1
iab,2,1
ebk,2,1
rob,2,1
kbb,2,2
boa,2,1
sri,2,1
aza,2,1
cas,2,1
ypg,2,1
fdp,2,1
afm,2,1
dyp,2,1
ssk,2,1
age,2,1
hum,2,1
lak,2,1
hms,2,1
tap,2,1
sbf,2,1
ela,2,1
kin,2,1
wwf,2,1
shp,2,1
siy,2,1
yaa,2,1
lef,2,1
mvp,2,1
kup,2,2
saz,2,1
dde,2,1
jel,2,1
ula,2,1
mni,2,1
egm,2,1
hgs,2,1
haa,2,1
hur,2,1
bde,2,1
zoe,2,1
dyh,2,1
buz,2,1
sex,2,1
pwc,2,1
rop,2,1
ruj,2,1
eur,2,1
sdp,2,1
ham,2,1
tis,2,1
dem,2,1
jak,2,1
zec,2,1
nim,2,1
laf,2,1
bae,2,1
gyo,2,1
tay,2,1
som,2,2
ret,2,1
zin,2,1
atp,2,1
caz,2,1
nba,2,1
ahl,2,1
bkz,2,1
oil,2,1
pre,2,1
nak,2,1
bmw,2,1
nah,2,1
tat,2,1
gmk,2,1
bad,2,2
pes,2,1
got,2,1
lal,2,1
sap,2,1
lan,2,1
sif,2,1
koz,2,1
jig,2,1
tse,2,1
bok,2,1
jae,2,1
atb,2,1
far,2,1
cep,2,2
gil,2,1
hni,2,1
men,2,1
gbt,2,1
cng,2,1
cif,2,1
trt,2,2
bud,2,1
yek,2,1
gso,2,1
sem,2,1
tas,2,2
pal,2,1
jan,2,1
shi,2,1
kyb,2,1
han,2,2
yky,2,1
gal,2,1
sos,2,2
bre,2,1
tuz,2,2
apak,2,1
ahi,2,1
dap,2,1
hay,2,1
mtv,2,1
def,2,2
kot,2,1
fat,2,1
emeklilik,2,2
işveren,2,2
kadastro,2,2
yükseköğrenim,2,2
haberdar,2,2
kreş,2,2
turnike,2,1
bariyer,2,1
kontör,2,1
öğün,2,1
basım,2,2
portal,2,2
zamanında,2,2
seyahat,2,2
fizibilite,2,1
sakura,2,1
düzgün,2,2
düzgü,2,2
versiyon,2,2
geçerli,2,1
hotspot,2,2
wordpress,2,2
okyanus,2,1
grafik,2,2
moda,2,2
mod,2,2
klavuzu,2,2
şahsen,2,1
epidemiyoloji,2,1
kursiyer,2,1
satı,2,2
vehbi,2,1
eğilim,2,1
optimizasyon,2,1
navlun,2,1
biodizel,2,1
bröve,2,1
duman,2,2
ortodonti,2,2
akiş,2,2
melih,2,1
güvenç,2,1
saim,2,1
koçak,2,1
dilbilim,2,1
kazakistan,2,1
ercan,2,2
kozmetik,2,1
kurgu,2,2
florence,2,1
iibf,2,1
özer,2,1
tekel,2,1
ibiş,2,1
karaca,2,1
süvari,2,2
makina,2,2
prova,2,2
matbu,2,1
bisiklet,2,1
world,2,2
wushu,2,1
sand,2,1
sörf,2,1
bora,2,2
demiralp,2,2
parazitoloji,2,2
patoloji,2,2
yasa,2,1
satranç,2,2
inovasyon,2,2
zootekni,2,1
hijyen,2,1
sitil,2,1
gedik,2,2
nakil,2,1
gurme,2,1
alışveriş,2,2
siber,2,1
operatör,2,1
cüzdan,2,1
posta,2,1
post,2,1
trey,2,1
fabrika,2,2
maki,2,2
itfaiye,2,2
mermer,2,1
yaman,2,2
yama,2,2
kuyu,2,1
basınç,2,1
technologies,2,2
hazin,2,1
başbakanlık,2,1
excel,2,2
abis,2,2
üçgen,2,1
karne,2,1
kırığ,2,1
energy,2,1
ligi,2,1
sensör,2,1
atış,2,1
mezoterapi,2,2
mağdur,2,1
kir,2,2
ablasyon,2,1
levha,2,1
mevlevi,2,1
bütüncül,2,1
cised,2,1
tanış,2,1
makbuz,2,1
fıkra,2,1
tutanak,2,1
görkem,2,1
yasak,2,1
board,1,1
vision,1,1
movie,1,1
unit,1,1
turkey,1,1
affairs,1,1
now,1,1
long,1,1
history,1,1
foundation,1,1
want,1,1
associates,1,1
fields,1,1
read,1,1
stüdyo,1,1
bilişsel,1,1
senfonik,1,1
akustik,1,1
yörük,1,1
hasar,1,1
kriminoloji,1,1
bini,1,1
merk,1,1
konukevi,1,1
cin,1,1
cinsel,1,1
dayanıklı,1,1
sın,1,1
fahri,1,1
ünvan,1,1
power,1,1
page,1,1
ceyhun,1,1
candan,1,1
şen,1,1
ergün,1,1
türker,1,1
gülüzar,1,1
özeren,1,1
çabuk,1,1
değirmen,1,1
tuba,1,1
gültekin,1,1
öktem,1,1
çavdar,1,1
asuman,1,1
altay,1,1
canbey,1,1
zeynel,1,1
günay,1,1
kirk,1,1
caner,1,1
barbaros,1,1
muhammet,1,1
jüri,1,1
özbek,1,1
birhan,1,1
teminat,1,1
devasa,1,1
kuyrukla,1,1
kuyruk,1,1
coşgun,1,1
basma,1,1
amiral,1,1
hangar,1,1
güverte,1,1
amfibi,1,1
hücum,1,1
zaha,1,1
römork,1,1
ortaklığ,1,1
hürkuş,1,1
atak,1,1
aksungur,1,1
solo,1,1
gözde,1,1
glüten,1,1
ödüllendir,1,1
sentez,1,1
sürücü,1,1
pompa,1,1
hologram,1,1
mesel,1,1
stan,1,1
odağ,1,1
memnun,1,1
memnu,1,1
formula,1,1
obje,1,1
simülatörü,1,1
menzil,1,1
fırçala,1,1
fırça,1,1
kısmen,1,1
dolomit,1,1
dezenfeksiyon,1,1
vakit,1,1
çadır,1,1
yardımlaş,1,1
eğitsel,1,1
özal,1,1
dayanış,1,1
tusaş,1,1
dakika,1,1
yıkım,1,1
azize,1,1
membran,1,1
ozmos,1,1
alina,1,1
japon,1,1
lansman,1,1
karantina,1,1
kayb,1,1
kilogram,1,1
ağırlığ,1,1
mikser,1,1
buton,1,1
harc,1,1
hamdi,1,1
hitabe,1,1
maliyetle,1,1
artı,1,1
dördün,1,1
senfoni,1,1
sezon,1,1
kıvanç,1,1
endülüs,1,1
yarımada,1,1
garanti,1,1
teyakkuz,1,1
bizde,1,1
malazgirt,1,1
nihayetinde,1,1
üniforma,1,1
feth,1,1
sad,1,1
vakkas,1,1
asimetrik,1,1
mert,1,1
beşinci,1,1
kazanç,1,1
özçelik,1,1
optik,1,1
dolar,1,1
merasim,1,1
algoritma,1,1
gaming,1,1
mentor,1,1
tunçer,1,1
postacıoğlu,1,1
başöğretmen,1,1
ebediyet,1,1
mandolin,1,1
irtihal,1,1
özgün,1,1
becer,1,1
şüphesiz,1,1
müteşekkir,1,1
necmettin,1,1
yarım,1,1
kafadar,1,1
mütevazı,1,1
yüzbinler,1,1
sırrı,1,1
pizza,1,1
hasret,1,1
yüzbinlerce,1,1
deyiş,1,1
incelik,1,1
sarf,1,1
sarar,1,1
özalp,1,1
sorguç,1,1
ferit,1,1
sara,1,1
kolla,1,1
defterdar,1,1
gezer,1,1
özdeş,1,1
bakışım,1,1
kurman,1,1
ayhan,1,1
taarruz,1,1
ilginç,1,1
basit,1,1
gelin,1,1
alpaslan,1,1
bizzat,1,1
yaygı,1,1
olurla,1,1
hitap,1,1
başarım,1,1
paye,1,1
ederle,1,1
kucakla,1,1
duayen,1,1
vicdani,1,1
kab,1,1
kaba,1,1
yılma,1,1
prensip,1,1
sembolik,1,1
idil,1,1
rana,1,1
shanghai,1,1
uğrat,1,1
köşe,1,1
yekvücut,1,1
ıslan,1,1
ısla,1,1
yoğrul,1,1
silahla,1,1
sindir,1,1
şayan,1,1
manidar,1,1
imha,1,1
evli,1,1
polisiye,1,1
bitir,1,1
uluer,1,1
deşifre,1,1
patates,1,1
tabir,1,1
kompozisyon,1,1
otokontrol,1,1
özdenetim,1,1
kalıc,1,1
zihin,1,1
varsayım,1,1
sahiplen,1,1
benimse,1,1
karapınar,1,1
düzenl,1,1
neredeyse,1,1
saygıdeğer,1,1
akli,1,1
kibir,1,1
seven,1,1
sertifikasyon,1,1
gururlan,1,1
sergin,1,1
oyuncağ,1,1
yürekten,1,1
selda,1,1
gülcan,1,1
çeçe,1,1
pelin,1,1
dikme,1,1
dikmen,1,1
canan,1,1
aygın,1,1
sağal,1,1
bulut,1,1
sağaltım,1,1
milletvekilliği,1,1
belirli,1,1
görmez,1,1
muhatab,1,1
vasf,1,1
günsel,1,1
bara,1,1
baran,1,1
turan,1,1
bacağ,1,1
bayramlaş,1,1
dikil,1,1
erik,1,1
vişne,1,1
armut,1,1
yeşillen,1,1
gölge,1,1
serin,1,1
çiçekle,1,1
çekecek,1,1
bağın,1,1
default,1,1
eğle,1,1
kutlan,1,1
doyasıya,1,1
vals,1,1
dalgalan,1,1
vücut,1,1
güzin,1,1
onurlan,1,1
noktala,1,1
literatür,1,1
tevdi,1,1
kalabalık,1,1
kalaba,1,1
nadir,1,1
tdk,1,1
gürer,1,1
elzem,1,1
çevr,1,1
doğrusu,1,1
mondros,1,1
kızart,1,1
kızartı,1,1
karl,1,1
ısın,1,1
ısı,1,1
sıcak,1,1
harb,1,1
ihtimal,1,1
sever,1,1
boşuna,1,1
girit,1,1
bosna,1,1
bulgaristan,1,1
paradise,1,1
asr,1,1
dünden,1,1
sakarya,1,1
bandırma,1,1
bandır,1,1
ayna,1,1
ikaz,1,1
üste,1,1
göktürk,1,1
sanatsever,1,1
ziyafet,1,1
averaj,1,1
çıkın,1,1
kucaklaş,1,1
donatı,1,1
çağın,1,1
esirge,1,1
ortodontik,1,1
dişet,1,1
konik,1,1
tomografi,1,1
panoramik,1,1
ultrasonografi,1,1
lazer,1,1
saklan,1,1
sakla,1,1
çürük,1,1
beyazla,1,1
plak,1,1
yöre,1,1
alo,1,1
taklit,1,1
karşılık,1,1
obezite,1,1
döviz,1,1
gübre,1,1
tesadüf,1,1
zeytin,1,1
zeytinyağ,1,1
pestisit,1,1
mikrobiyolojik,1,1
numune,1,1
kümele,1,1
küme,1,1
operasyonel,1,1
koyacağ,1,1
naim,1,1
fantom,1,1
buzağı,1,1
ecoli,1,1
binay,1,1
birçoğu,1,1
telekom,1,1
yatı,1,1
misafirhane,1,1
yabani,1,1
süleymanoğlu,1,1
bildiğ,1,1
temenni,1,1
kapalı,1,1
sek,1,1
soyun,1,1
yokla,1,1
sema,1,1
semazen,1,1
akabinde,1,1
paris,1,1
sıv,1,1
traktör,1,1
ekrem,1,1
mazot,1,1
elle,1,1
diken,1,1
topyekun,1,1
elden,1,1
sabr,1,1
hasad,1,1
sebze,1,1
kompost,1,1
elektriğ,1,1
mantık,1,1
camii,1,1
tercüme,1,1
öztuna,1,1
gravür,1,1
celaleddin,1,1
torun,1,1
bayru,1,1
atletizm,1,1
sporsever,1,1
elit,1,1
amatör,1,1
start,1,1
agah,1,1
extreme,1,1
tekle,1,1
kilometre,1,1
eskrim,1,1
gürkan,1,1
asbaşkan,1,1
kerem,1,1
objektif,1,1
kanıtl,1,1
çıta,1,1
uğurla,1,1
arzul,1,1
melisa,1,1
kaya,1,1
minnettar,1,1
fethullah,1,1
teşebbüs,1,1
günde,1,1
başdanışman,1,1
ani,1,1
trabzon,1,1
gözdağı,1,1
astsubay,1,1
bülent,1,1
olcay,1,1
istismar,1,1
türel,1,1
türe,1,1
kılıç,1,1
kös,1,1
sız,1,1
şahne,1,1
süt,1,1
imam,1,1
hüsn,1,1
bodur,1,1
önünden,1,1
isabey,1,1
piyade,1,1
tahsis,1,1
kulvar,1,1
badminton,1,1
hokey,1,1
aksay,1,1
hoşgör,1,1
kalb,1,1
mesabe,1,1
gasp,1,1
zulmed,1,1
meşru,1,1
hezeyan,1,1
inanç,1,1
jerusalem,1,1
muslim,1,1
ramada,1,1
love,1,1
night,1,1
freedom,1,1
democracy,1,1
essential,1,1
care,1,1
east,1,1
have,1,1
years,1,1
without,1,1
children,1,1
arms,1,1
part,1,1
government,1,1
against,1,1
community,1,1
point,1,1
fighting,1,1
peace,1,1
tranquility,1,1
must,1,1
ground,1,1
states,1,1
out,1,1
ready,1,1
within,1,1
framework,1,1
light,1,1
always,1,1
aldat,1,1
talih,1,1
hınçak,1,1
kopar,1,1
kötülüğ,1,1
çar,1,1
yüzlerce,1,1
taşnak,1,1
mezalim,1,1
zulm,1,1
propaganda,1,1
iftira,1,1
sıfat,1,1
mahcup,1,1
galiçya,1,1
tutukla,1,1
mani,1,1
suçlu,1,1
vilayet,1,1
tehcir,1,1
tehdid,1,1
dostluğ,1,1
asala,1,1
suikast,1,1
müttefik,1,1
mesnet,1,1
akla,1,1
kör,1,1
edit,1,1
yönel,1,1
aykırı,1,1
mahkemesi,1,1
yeterince,1,1
eleştir,1,1
asya,1,1
paralel,1,1
lübnan,1,1
içtihat,1,1
azı,1,1
iltica,1,1
terminoloji,1,1
köle,1,1
added,1,1
ahıska,1,1
betimle,1,1
bulaşıcı,1,1
sütun,1,1
ürdün,1,1
dav,1,1
örgütle,1,1
yükün,1,1
kronolojik,1,1
poligami,1,1
sessiz,1,1
sess,1,1
taahhüt,1,1
çoğunlukla,1,1
vazgeç,1,1
söylen,1,1
katlan,1,1
telafi,1,1
lütuf,1,1
tekraren,1,1
davacı,1,1
müsebbib,1,1
alıc,1,1
emine,1,1
soylu,1,1
pekcan,1,1
zehra,1,1
zümrüt,1,1
kasapoğlu,1,1
kıt,1,1
açlık,1,1
çıkı,1,1
sahra,1,1
mezar,1,1
hiçbiri,1,1
azgın,1,1
kasten,1,1
hatırl,1,1
meriç,1,1
göm,1,1
sırt,1,1
utanç,1,1
muhacir,1,1
mahkum,1,1
obama,1,1
nitekim,1,1
beslenen,1,1
bölücü,1,1
tunus,1,1
bölgele,1,1
simülasyon,1,1
andık,1,1
külliye,1,1
fors,1,1
kronoloji,1,1
kacar,1,1
odtü,1,1
norm,1,1
lafzi,1,1
derinle,1,1
antropoloji,1,1
insancıl,1,1
tutum,1,1
ahlaki,1,1
determinist,1,1
derinlemesine,1,1
bell,1,1
bel,1,1
değille,1,1
stres,1,1
psikososyal,1,1
adaptasyon,1,1
yaptırım,1,1
akraba,1,1
hakla,1,1
uygarlık,1,1
koyun,1,1
koyu,1,1
çeşme,1,1
sürpriz,1,1
haru,1,1
özdaş,1,1
nilhan,1,1
gülle,1,1
karina,1,1
kahverengi,1,1
hamur,1,1
italyan,1,1
pipo,1,1
harmandar,1,1
imal,1,1
kızıldağ,1,1
müjdele,1,1
tarihle,1,1
arkaik,1,1
demirle,1,1
çapa,1,1
mürettebat,1,1
ithaf,1,1
videokonferans,1,1
kuşku,1,1
sefalet,1,1
nes,1,1
dert,1,1
yandığ,1,1
şenay,1,1
gencecik,1,1
inalcık,1,1
yaşargil,1,1
nermin,1,1
abadan,1,1
unat,1,1
boşluğ,1,1
kurak,1,1
özden,1,1
ceyla,1,1
eşya,1,1
soysal,1,1
turhan,1,1
yasemin,1,1
ziyade,1,1
başsavcı,1,1
bürokrasi,1,1
paradoks,1,1
sıçra,1,1
aksiyon,1,1
idealist,1,1
öğütle,1,1
bilezik,1,1
takın,1,1
heybe,1,1
çalı,1,1
ekonomist,1,1
tarim,1,1
rekor,1,1
dekar,1,1
bozar,1,1
peşinde,1,1
milyonlarca,1,1
ışık,1,1
tutacak,1,1
cazibe,1,1
tarif,1,1
zengi,1,1
nevi,1,1
hilal,1,1
hilali,1,1
ufak,1,1
bilhassa,1,1
şuur,1,1
yapış,1,1
tavr,1,1
tahammül,1,1
vasıta,1,1
dimdik,1,1
durdu,1,1
ehemmiyet,1,1
beka,1,1
esenlik,1,1
koleksiyoner,1,1
kurdele,1,1
mücevher,1,1
açar,1,1
muhakeme,1,1
açacak,1,1
uğraş,1,1
yüzleş,1,1
sakın,1,1
muhteşem,1,1
terazi,1,1
vecd,1,1
maket,1,1
ilahi,1,1
harekat,1,1
buyan,1,1
hafıza,1,1
azmet,1,1
pişman,1,1
tüfeğ,1,1
korgeneral,1,1
cemal,1,1
kadıoğlu,1,1
ziya,1,1
uçağ,1,1
angajman,1,1
bende,1,1
ankaray,1,1
geçti,1,1
havadan,1,1
müdahale,1,1
vuku,1,1
illegal,1,1
imtihan,1,1
acz,1,1
yarala,1,1
yeridir,1,1
alışkın,1,1
etraflıca,1,1
özgü,1,1
tazele,1,1
temsili,1,1
kolluk,1,1
mukaddes,1,1
ayakla,1,1
tasavvur,1,1
bertaraf,1,1
karalama,1,1
uydur,1,1
uydurma,1,1
gülşah,1,1
abdullah,1,1
amca,1,1
senkron,1,1
kapıl,1,1
hazırl,1,1
hindistan,1,1
singapur,1,1
akran,1,1
alıntı,1,1
şefkat,1,1
boğ,1,1
pırıl,1,1
boğa,1,1
hisse,1,1
hadd,1,1
muzaffer,1,1
merhamet,1,1
gücün,1,1
allahtan,1,1
yangı,1,1
ciğer,1,1
ispat,1,1
ersan,1,1
aslan,1,1
zahi,1,1
kavra,1,1
müşterek,1,1
tasavvuf,1,1
müspet,1,1
hüküm,1,1
mucizevi,1,1
mezopotamya,1,1
normal,1,1
parlak,1,1
açığ,1,1
yolla,1,1
zanaat,1,1
ordinaryüs,1,1
ezberle,1,1
şerefe,1,1
yükselti,1,1
kuram,1,1
icat,1,1
üretken,1,1
ırk,1,1
yeryüzü,1,1
gerile,1,1
felsefi,1,1
kelim,1,1
holland,1,1
resmiyet,1,1
nasip,1,1
çöker,1,1
beğen,1,1
tabiat,1,1
yetin,1,1
ömr,1,1
kıyasla,1,1
kaydol,1,1
dürüst,1,1
saki,1,1
ıskala,1,1
oray,1,1
nakşet,1,1
gözet,1,1
zorunluluk,1,1
gerçekle,1,1
genişle,1,1
karikatür,1,1
ikonik,1,1
park,1,1
söylenti,1,1
söyler,1,1
bekl,1,1
tabela,1,1
esir,1,1
halbuki,1,1
gövde,1,1
bacak,1,1
kuş,1,1
ün,1,1
böylesine,1,1
yitik,1,1
madem,1,1
cevher,1,1
harla,1,1
maalesef,1,1
osb,1,1
sayed,1,1
sayar,1,1
bolonya,1,1
şeytan,1,1
kanuni,1,1
hızla,1,1
otonom,1,1
alacak,1,1
tempo,1,1
ihtisas,1,1
stadyum,1,1
etnografya,1,1
muhafaza,1,1
hospital,1,1
restaurant,1,1
cafe,1,1
iftar,1,1
öğlen,1,1
yemeğ,1,1
özveri,1,1
vade,1,1
faktör,1,1
araştırman,1,1
ayrıcalık,1,1
dostluk,1,1
ör,1,1
vaded,1,1
merv,1,1
karagöz,1,1
delete,1,1
update,1,1
sicil,1,1
noter,1,1
media,1,1
url,1,1
rtl,1,1
nema,1,1
vezin,1,1
epri,1,1
pul,1,1
omv,1,1
liz,1,1
rika,1,1
pof,1,1
cap,1,1
ole,1,1
lake,1,1
ghz,1,1
winx,1,1
plc,1,1
ekg,1,1
dun,1,1
tos,1,1
evet,1,1
mng,1,1
thkp,1,1
acem,1,1
dong,1,1
şi,1,1
car,1,1
fitz,1,1
raci,1,1
ykm,1,1
sof,1,1
sus,1,1
suv,1,1
asb,1,1
mia,1,1
kuz,1,1
miza,1,1
frey,1,1
mef,1,1
gto,1,1
hah,1,1
ful,1,1
ski,1,1
npd,1,1
eber,1,1
box,1,1
sue,1,1
pen,1,1
mrs,1,1
des,1,1
tgs,1,1
hpg,1,1
lpg,1,1
roj,1,1
kai,1,1
mir,1,1
efe,1,1
cass,1,1
dex,1,1
kyi,1,1
burt,1,1
won,1,1
btc,1,1
azaz,1,1
uyu,1,1
tdi,1,1
hona,1,1
gdo,1,1
iö,1,1
oha,1,1
zaif,1,1
poz,1,1
kek,1,1
mas,1,1
cmk,1,1
ihl,1,1
mhp,1,1
usd,1,1
afra,1,1
muse,1,1
ally,1,1
kos,1,1
sah,1,1
pyd,1,1
asus,1,1
aek,1,1
htc,1,1
fit,1,1
law,1,1
krv,1,1
lou,1,1
kdv,1,1
sky,1,1
gaf,1,1
ova,1,1
btk,1,1
gsm,1,1
aloe,1,1
vip,1,1
kkk,1,1
gak,1,1
bai,1,1
syi,1,1
ann,1,1
paz,1,1
rte,1,1
ayta,1,1
kip,1,1
mem,1,1
dgs,1,1
php,1,1
umu,1,1
sana,1,1
chi,1,1
nfc,1,1
pik,1,1
ray,1,1
rome,1,1
cao,1,1
hdd,1,1
hgk,1,1
ael,1,1
katz,1,1
god,1,1
dep,1,1
hin,1,1
wind,1,1
ytp,1,1
nol,1,1
msc,1,1
lab,1,1
rai,1,1
boi,1,1
alel,1,1
polk,1,1
banu,1,1
iks,1,1
tcy,1,1
loda,1,1
jase,1,1
gun,1,1
lot,1,1
kia,1,1
mts,1,1
ilsu,1,1
spd,1,1
greg,1,1
abb,1,1
spy,1,1
kids,1,1
hor,1,1
yaba,1,1
zen,1,1
tai,1,1
pog,1,1
tcsg,1,1
abad,1,1
pele,1,1
shui,1,1
lem,1,1
chp,1,1
cet,1,1
swann,1,1
boj,1,1
yç,1,1
spar,1,1
ares,1,1
pot,1,1
hmm,1,1
kbrn,1,1
vuk,1,1
bug,1,1
tff,1,1
lex,1,1
sao,1,1
tims,1,1
ika,1,1
dto,1,1
ifa,1,1
tun,1,1
pis,1,1
buzz,1,1
vob,1,1
tmy,1,1
ibo,1,1
tok,1,1
ace,1,1
caen,1,1
apo,1,1
val,1,1
gey,1,1
poe,1,1
osd,1,1
lega,1,1
stv,1,1
edat,1,1
isa,1,1
mhz,1,1
ykb,1,1
spa,1,1
dye,1,1
cso,1,1
moe,1,1
gag,1,1
esa,1,1
aut,1,1
tae,1,1
pah,1,1
xxx,1,1
horn,1,1
fiğ,1,1
vay,1,1
tsi,1,1
woo,1,1
ged,1,1
mat,1,1
tiz,1,1
akca,1,1
kfar,1,1
lobi,1,1
kof,1,1
ntv,1,1
jiro,1,1
ork,1,1
oof,1,1
dit,1,1
hud,1,1
ogni,1,1
nsa,1,1
raf,1,1
cha,1,1
tipo,1,1
aya,1,1
üf,1,1
shil,1,1
tts,1,1
wine,1,1
etna,1,1
new,1,1
soo,1,1
muz,1,1
kaf,1,1
abo,1,1
afp,1,1
cac,1,1
zam,1,1
als,1,1
jfk,1,1
usb,1,1
zan,1,1
aret,1,1
dip,1,1
agra,1,1
eib,1,1
ank,1,1
dhl,1,1
lok,1,1
yiv,1,1
lte,1,1
jim,1,1
msn,1,1
joo,1,1
ıt,1,1
uib,1,1
bed,1,1
nbc,1,1
gani,1,1
fer,1,1
akid,1,1
pey,1,1
nü,1,1
oya,1,1
defo,1,1
fob,1,1
nam,1,1
bowl,1,1
avis,1,1
ciwan,1,1
yair,1,1
gay,1,1
lys,1,1
opel,1,1
evra,1,1
caps,1,1
inha,1,1
gss,1,1
yid,1,1
jos,1,1
lee,1,1
vı,1,1
jax,1,1
daf,1,1
tep,1,1
shaw,1,1
joe,1,1
thy,1,1
deyi,1,1
ktso,1,1
cds,1,1
dani,1,1
kus,1,1
obi,1,1
kok,1,1
ter,1,1
two,1,1
doz,1,1
cdu,1,1
remy,1,1
jul,1,1
daz,1,1
pat,1,1
uzo,1,1
chun,1,1
ons,1,1
zum,1,1
yav,1,1
bar,1,1
yem,1,1
jin,1,1
gstv,1,1
dax,1,1
fear,1,1
tav,1,1
hab,1,1
asi,1,1
mim,1,1
dam,1,1
kak,1,1
posa,1,1
psv,1,1
mao,1,1
ajur,1,1
tari,1,1
hun,1,1
ash,1,1
rio,1,1
blu,1,1
ebe,1,1
tir,1,1
gut,1,1
lida,1,1
atos,1,1
petr,1,1
raks,1,1
dow,1,1
moss,1,1
leb,1,1
jam,1,1
kgb,1,1
maa,1,1
war,1,1
gps,1,1
mms,1,1
yon,1,1
pkk,1,1
mit,1,1
fsm,1,1
dpb,1,1
fsb,1,1
vafi,1,1
mag,1,1
nan,1,1
bdp,1,1
şb,1,1
win,1,1
oks,1,1
jeon,1,1
choo,1,1
rna,1,1
bes,1,1
hey,1,1
eee,1,1
seo,1,1
who,1,1
ysk,1,1
atv,1,1
rum,1,1
mori,1,1
kür,1,1
iri,1,1
lodi,1,1
teb,1,1
yal,1,1
tea,1,1
cde,1,1
dsg,1,1
tib,1,1
lav,1,1
ksk,1,1
way,1,1
ayni,1,1
mgsb,1,1
toz,1,1
ypk,1,1
vah,1,1
puf,1,1
ugk,1,1
ihd,1,1
ang,1,1
zil,1,1
elmo,1,1
jip,1,1
oto,1,1
eyer,1,1
thk,1,1
ekk,1,1
wild,1,1
hol,1,1
slm,1,1
gns,1,1
nas,1,1
amar,1,1
csu,1,1
hdl,1,1
old,1,1
akm,1,1
ella,1,1
abba,1,1
ıh,1,1
juve,1,1
nur,1,1
bet,1,1
sup,1,1
tit,1,1
rick,1,1
max,1,1
air,1,1
uui,1,1
pak,1,1
crr,1,1
mad,1,1
ikamet,1,1
cenk,1,1
fil,1,1
karakuzu,1,1
olguner,1,1
flash,1,1
sürüm,1,1
avantaj,1,1
otopark,1,1
asansör,1,1
fiyatı,1,1
deforme,1,1
para,1,1
düzel,1,1
demokratik,1,1
yürürlüğ,1,1
şahsi,1,1
tüzel,1,1
santral,1,1
tüseb,1,1
horizon,1,1
özbekistan,1,1
development,1,1
republic,1,1
mikro,1,1
güt,1,1
özdemir,1,1
kabak,1,1
makarna,1,1
mevsim,1,1
salat,1,1
piliç,1,1
baget,1,1
pirinç,1,1
biber,1,1
köfte,1,1
böylelikle,1,1
sunucu,1,1
pencere,1,1
seçeneğ,1,1
java,1,1
explorer,1,1
chrome,1,1
safari,1,1
roaming,1,1
doğrula,1,1
android,1,1
testi,1,1
hoş,1,1
nihai,1,1
muhtemel,1,1
diplomatik,1,1
ergonomi,1,1
etraf,1,1
fakat,1,1
onayl,1,1
istem,1,1
harf,1,1
sayıla,1,1
beşeri,1,1
communication,1,1
uğru,1,1
jeofiziğ,1,1
tektoniğ,1,1
olanağ,1,1
istila,1,1
atkı,1,1
özkay,1,1
tuzla,1,1
aşırı,1,1
oğuz,1,1
akyar,1,1
konak,1,1
tütün,1,1
yeşilay,1,1
defned,1,1
kılavuzla,1,1
harry,1,1
through,1,1
motor,1,1
mete,1,1
kavak,1,1
okay,1,1
çağlayan,1,1
arif,1,1
öztürk,1,1
marie,1,1
rise,1,1
foto,1,1
dinl,1,1
nüket,1,1
orpheus,1,1
kapağ,1,1
direnç,1,1
journal,1,1
design,1,1
evrağ,1,1
egitim,1,1
kuantum,1,1
şeref,1,1
terzioğlu,1,1
turgut,1,1
hani,1,1
hatip,1,1
müren,1,1
ereğli,1,1
braille,1,1
ikiz,1,1
belgegeçer,1,1
kaptan,1,1
kaydi,1,1
dafi,1,1
uluç,1,1
erginer,1,1
şehiriç,1,1
gümrük,1,1
eğil,1,1
akded,1,1
finansal,1,1
limanla,1,1
sedat,1,1
ikmal,1,1
tatbikat,1,1
marge,1,1
maritime,1,1
series,1,1
myk,1,1
regional,1,1
çevik,1,1
takt,1,1
irtibat,1,1
pınar,1,1
figen,1,1
amerikan,1,1
tercüman,1,1
gülsüm,1,1
songül,1,1
hitab,1,1
izban,1,1
tramvay,1,1
nörolojik,1,1
kardiyopulmoner,1,1
tutanağ,1,1
yönetmen,1,1
network,1,1
meeting,1,1
işit,1,1
kosova,1,1
mülk,1,1
resimle,1,1
ezgi,1,1
polikliniğ,1,1
dondurma,1,1
gökhan,1,1
cübbe,1,1
fırat,1,1
afşar,1,1
hazir,1,1
kısmi,1,1
makbule,1,1
özetle,1,1
makbul,1,1
albany,1,1
juri,1,1
metalurji,1,1
hassas,1,1
uydu,1,1
tiyatro,1,1
sağır,1,1
dokuzgen,1,1
büyüteç,1,1
magazin,1,1
thai,1,1
kuşadası,1,1
muay,1,1
erzurum,1,1
muammer,1,1
çomak,1,1
organizatör,1,1
belarus,1,1
vitr,1,1
vitrin,1,1
dha,1,1
evsahip,1,1
altınordu,1,1
faal,1,1
kozanoğlu,1,1
şike,1,1
keenan,1,1
isviçre,1,1
süper,1,1
orçun,1,1
histoloji,1,1
biyokimya,1,1
zührevi,1,1
farmakoloji,1,1
kardiyoloji,1,1
nöroloji,1,1
radyasyon,1,1
reanimasyon,1,1
sinir,1,1
buru,1,1
boğaz,1,1
ortopedi,1,1
üroloji,1,1
müfredat,1,1
özdeğer,1,1
sosyokültürel,1,1
yas,1,1
atatürkçü,1,1
custom,1,1
embriyoloji,1,1
deontoloji,1,1
toksikoloji,1,1
mikrobiyoloji,1,1
viroloji,1,1
görünüm,1,1
monnet,1,1
asli,1,1
dolgun,1,1
ildiz,1,1
çile,1,1
başak,1,1
güner,1,1
piyano,1,1
üfle,1,1
linet,1,1
alper,1,1
nurcan,1,1
orhan,1,1
uçma,1,1
uçman,1,1
tahir,1,1
sümer,1,1
talia,1,1
ümit,1,1
seda,1,1
ayvazoğlu,1,1
şeniz,1,1
dağdelen,1,1
mini,1,1
çatal,1,1
otla,1,1
sektörel,1,1
krema,1,1
cheesecake,1,1
found,1,1
izlence,1,1
mai,1,1
topic,1,1
tıklat,1,1
skills,1,1
foreign,1,1
patricia,1,1
cambridge,1,1
bayır,1,1
harmanla,1,1
nick,1,1
keyif,1,1
turnuva,1,1
emircan,1,1
anketle,1,1
green,1,1
orange,1,1
alternatif,1,1
myo,1,1
yorgun,1,1
eklem,1,1
gereğince,1,1
treyler,1,1
damper,1,1
sulta,1,1
kavi,1,1
krone,1,1
güleryüz,1,1
radyoterapi,1,1
anestezi,1,1
metal,1,1
proses,1,1
jeoloji,1,1
kesit,1,1
hidrojeoloji,1,1
hanımefendi,1,1
tuncay,1,1
soma,1,1
yeralt,1,1
kömür,1,1
madeni,1,1
gökyüz,1,1
cüneyt,1,1
bedirhanoğlu,1,1
akal,1,1
sunar,1,1
fair,1,1
natural,1,1
folkart,1,1
arts,1,1
tefrik,1,1
ödenek,1,1
yürürlük,1,1
hazine,1,1
forex,1,1
bahis,1,1
iddaa,1,1
entelektüel,1,1
yom,1,1
nea,1,1
talimat,1,1
burçak,1,1
vural,1,1
european,1,1
conference,1,1
ayrış,1,1
çoluk,1,1
carousel,1,1
jeoteknik,1,1
mağara,1,1
zone,1,1
working,1,1
algıla,1,1
kocatepe,1,1
özkan,1,1
özdağ,1,1
karabacak,1,1
bilinçlen,1,1
iran,1,1
sönümle,1,1
fırtına,1,1
hendek,1,1
ziad,1,1
hacamat,1,1
refleksoloji,1,1
hipnoz,1,1
işçiliğ,1,1
mahall,1,1
administration,1,1
kemeralt,1,1
çarşı,1,1
direnc,1,1
mine,1,1
randevu,1,1
fizyoloji,1,1
haritala,1,1
defibrilatör,1,1
konfor,1,1
dolgu,1,1
ask,1,1
peeling,1,1
necati,1,1
fotoğrafla,1,1
emred,1,1
dükkan,1,1
mevlevilik,1,1
hemzemin,1,1
eşgüdüm,1,1
standardizasyon,1,1
yedinci,1,1
ecr,1,1
otorite,1,1
medicine,1,1
tic,1,1
şafak,1,1
yatak,1,1
modüler,1,1
güvenilir,1,1
makul,1,1
matbaa,1,1
tahakkuk,1,1
taşıt,1,1
müziğ,1,1
nakit,1,1
fatura,1,1
ekap,1,1
sayman,1,1
işletmen,1,1
vergi,1,1
müracaat,1,1
düzelti,1,1
özmen,1,1
birgül,1,1
ceren,1,1
koyuncuoğlu,1,1
topal,1,1
sayac,1,1
şişe,1,1
döngü,1,1
polyester,1,1
elyaf,1,1
inorganik,1,1
miyase,1,1
koordinatlar,1,1
vahşi,1,1
bakteri,1,1
gölle,1,1
göl,1,1
kirlen,1,1
arın,1,1
mikrosistem,1,1
silgi,1,1
açacağ,1,1
